Transaction ID,Date,Customer ID,Gender,Age,Product Category,Quantity,Price per Unit,Total Amount,Revenue,Month,Year
1,2023-11-24 00:00:00,CUST001,Male,34,Beauty,3,50,150,450,11,2023
2,2023-02-27 00:00:00,CUST002,Female,26,Clothing,2,500,1000,2000,2,2023
3,2023-01-13 00:00:00,CUST003,Male,50,Electronics,1,30,30,30,1,2023
4,2023-05-21 00:00:00,CUST004,Male,37,Clothing,1,500,500,500,5,2023
5,2023-05-06 00:00:00,CUST005,Male,30,Beauty,2,50,100,200,5,2023
6,2023-04-25 00:00:00,CUST006,Female,45,Beauty,1,30,30,30,4,2023
7,2023-03-13 00:00:00,CUST007,Male,46,Clothing,2,25,50,100,3,2023
8,2023-02-22 00:00:00,CUST008,Male,30,Electronics,4,25,100,400,2,2023
9,2023-12-13 00:00:00,CUST009,Male,63,Electronics,2,300,600,1200,12,2023
10,2023-10-07 00:00:00,CUST010,Female,52,Clothing,4,50,200,800,10,2023
11,2023-02-14 00:00:00,CUST011,Male,23,Clothing,2,50,100,200,2,2023
12,2023-10-30 00:00:00,CUST012,Male,35,Beauty,3,25,75,225,10,2023
13,2023-08-05 00:00:00,CUST013,Male,22,Electronics,3,500,1500,4500,8,2023
14,2023-01-17 00:00:00,CUST014,Male,64,Clothing,4,30,120,480,1,2023
15,2023-01-16 00:00:00,CUST015,Female,42,Electronics,4,500,2000,8000,1,2023
16,2023-02-17 00:00:00,CUST016,Male,19,Clothing,3,500,1500,4500,2,2023
17,2023-04-22 00:00:00,CUST017,Female,27,Clothing,4,25,100,400,4,2023
18,2023-04-30 00:00:00,CUST018,Female,47,Electronics,2,25,50,100,4,2023
19,2023-09-16 00:00:00,CUST019,Female,62,Clothing,2,25,50,100,9,2023
20,2023-11-05 00:00:00,CUST020,Male,22,Clothing,3,300,900,2700,11,2023
21,2023-01-14 00:00:00,CUST021,Female,50,Beauty,1,500,500,500,1,2023
22,2023-10-15 00:00:00,CUST022,Male,18,Clothing,2,50,100,200,10,2023
23,2023-04-12 00:00:00,CUST023,Female,35,Clothing,4,30,120,480,4,2023
24,2023-11-29 00:00:00,CUST024,Female,49,Clothing,1,300,300,300,11,2023
25,2023-12-26 00:00:00,CUST025,Female,64,Beauty,1,50,50,50,12,2023
26,2023-10-07 00:00:00,CUST026,Female,28,Electronics,2,500,1000,2000,10,2023
27,2023-08-03 00:00:00,CUST027,Female,38,Beauty,2,25,50,100,8,2023
28,2023-04-23 00:00:00,CUST028,Female,43,Beauty,1,500,500,500,4,2023
29,2023-08-18 00:00:00,CUST029,Female,42,Electronics,1,30,30,30,8,2023
30,2023-10-29 00:00:00,CUST030,Female,39,Beauty,3,300,900,2700,10,2023
31,2023-05-23 00:00:00,CUST031,Male,44,Electronics,4,300,1200,4800,5,2023
32,2023-01-04 00:00:00,CUST032,Male,30,Beauty,3,30,90,270,1,2023
33,2023-03-23 00:00:00,CUST033,Female,50,Electronics,2,50,100,200,3,2023
34,2023-12-24 00:00:00,CUST034,Female,51,Clothing,3,50,150,450,12,2023
35,2023-08-05 00:00:00,CUST035,Female,58,Beauty,3,300,900,2700,8,2023
36,2023-06-24 00:00:00,CUST036,Male,52,Beauty,3,300,900,2700,6,2023
37,2023-05-23 00:00:00,CUST037,Female,18,Beauty,3,25,75,225,5,2023
38,2023-03-21 00:00:00,CUST038,Male,38,Beauty,4,50,200,800,3,2023
39,2023-04-21 00:00:00,CUST039,Male,23,Clothing,4,30,120,480,4,2023
40,2023-06-22 00:00:00,CUST040,Male,45,Beauty,1,50,50,50,6,2023
41,2023-02-22 00:00:00,CUST041,Male,34,Clothing,2,25,50,100,2,2023
42,2023-02-17 00:00:00,CUST042,Male,22,Clothing,3,300,900,2700,2,2023
43,2023-07-14 00:00:00,CUST043,Female,48,Clothing,1,300,300,300,7,2023
44,2023-02-19 00:00:00,CUST044,Female,22,Clothing,1,25,25,25,2,2023
45,2023-07-03 00:00:00,CUST045,Female,55,Electronics,1,30,30,30,7,2023
46,2023-06-26 00:00:00,CUST046,Female,20,Electronics,4,300,1200,4800,6,2023
47,2023-11-06 00:00:00,CUST047,Female,40,Beauty,3,500,1500,4500,11,2023
48,2023-05-16 00:00:00,CUST048,Male,54,Electronics,3,300,900,2700,5,2023
49,2023-01-23 00:00:00,CUST049,Female,54,Electronics,2,500,1000,2000,1,2023
50,2023-08-24 00:00:00,CUST050,Female,27,Beauty,3,25,75,225,8,2023
51,2023-10-02 00:00:00,CUST051,Male,27,Beauty,3,25,75,225,10,2023
52,2023-03-05 00:00:00,CUST052,Female,36,Beauty,1,300,300,300,3,2023
53,2023-07-13 00:00:00,CUST053,Male,34,Electronics,2,50,100,200,7,2023
54,2023-02-10 00:00:00,CUST054,Female,38,Electronics,3,500,1500,4500,2,2023
55,2023-10-10 00:00:00,CUST055,Male,31,Beauty,4,30,120,480,10,2023
56,2023-05-31 00:00:00,CUST056,Female,26,Clothing,3,300,900,2700,5,2023
57,2023-11-18 00:00:00,CUST057,Female,63,Beauty,1,30,30,30,11,2023
58,2023-11-13 00:00:00,CUST058,Male,18,Clothing,4,300,1200,4800,11,2023
59,2023-07-05 00:00:00,CUST059,Male,62,Clothing,1,50,50,50,7,2023
60,2023-10-23 00:00:00,CUST060,Male,30,Beauty,3,50,150,450,10,2023
61,2023-04-09 00:00:00,CUST061,Male,21,Beauty,4,50,200,800,4,2023
62,2023-12-27 00:00:00,CUST062,Male,18,Beauty,2,50,100,200,12,2023
63,2023-02-05 00:00:00,CUST063,Male,57,Electronics,2,25,50,100,2,2023
64,2023-01-24 00:00:00,CUST064,Male,49,Clothing,4,25,100,400,1,2023
65,2023-12-05 00:00:00,CUST065,Male,51,Electronics,4,500,2000,8000,12,2023
66,2023-04-27 00:00:00,CUST066,Female,45,Electronics,1,30,30,30,4,2023
67,2023-05-29 00:00:00,CUST067,Female,48,Beauty,4,300,1200,4800,5,2023
68,2023-02-10 00:00:00,CUST068,Male,25,Electronics,1,300,300,300,2,2023
69,2023-04-30 00:00:00,CUST069,Female,56,Beauty,3,25,75,225,4,2023
70,2023-02-21 00:00:00,CUST070,Female,43,Clothing,1,300,300,300,2,2023
71,2023-07-14 00:00:00,CUST071,Female,51,Beauty,4,25,100,400,7,2023
72,2023-05-23 00:00:00,CUST072,Female,20,Electronics,4,500,2000,8000,5,2023
73,2023-08-21 00:00:00,CUST073,Male,29,Electronics,3,30,90,270,8,2023
74,2023-11-22 00:00:00,CUST074,Female,18,Beauty,4,500,2000,8000,11,2023
75,2023-07-06 00:00:00,CUST075,Male,61,Beauty,4,50,200,800,7,2023
76,2023-03-25 00:00:00,CUST076,Female,22,Electronics,2,50,100,200,3,2023
77,2023-07-09 00:00:00,CUST077,Female,47,Clothing,2,50,100,200,7,2023
78,2023-07-01 00:00:00,CUST078,Female,47,Clothing,3,500,1500,4500,7,2023
79,2023-04-18 00:00:00,CUST079,Male,34,Beauty,1,300,300,300,4,2023
80,2023-12-10 00:00:00,CUST080,Female,64,Clothing,2,30,60,120,12,2023
81,2023-05-17 00:00:00,CUST081,Male,40,Electronics,1,50,50,50,5,2023
82,2023-12-26 00:00:00,CUST082,Female,32,Beauty,4,50,200,800,12,2023
83,2023-12-16 00:00:00,CUST083,Male,54,Electronics,2,50,100,200,12,2023
84,2023-11-28 00:00:00,CUST084,Female,38,Electronics,3,30,90,270,11,2023
85,2023-02-06 00:00:00,CUST085,Male,31,Clothing,3,50,150,450,2,2023
86,2023-11-08 00:00:00,CUST086,Male,19,Beauty,3,30,90,270,11,2023
87,2023-11-22 00:00:00,CUST087,Female,28,Beauty,2,50,100,200,11,2023
88,2023-03-29 00:00:00,CUST088,Male,56,Clothing,1,500,500,500,3,2023
89,2023-10-01 00:00:00,CUST089,Female,55,Electronics,4,500,2000,8000,10,2023
90,2023-05-06 00:00:00,CUST090,Female,51,Electronics,1,30,30,30,5,2023
91,2023-03-25 00:00:00,CUST091,Female,55,Electronics,1,500,500,500,3,2023
92,2023-08-25 00:00:00,CUST092,Female,51,Electronics,4,30,120,480,8,2023
93,2023-07-14 00:00:00,CUST093,Female,35,Beauty,4,500,2000,8000,7,2023
94,2023-05-19 00:00:00,CUST094,Female,47,Beauty,2,500,1000,2000,5,2023
95,2023-11-24 00:00:00,CUST095,Female,32,Clothing,2,30,60,120,11,2023
96,2023-12-19 00:00:00,CUST096,Female,44,Clothing,2,300,600,1200,12,2023
97,2023-10-13 00:00:00,CUST097,Female,51,Beauty,2,500,1000,2000,10,2023
98,2023-04-23 00:00:00,CUST098,Female,55,Beauty,2,50,100,200,4,2023
99,2023-12-17 00:00:00,CUST099,Female,50,Electronics,4,300,1200,4800,12,2023
100,2023-06-16 00:00:00,CUST100,Male,41,Electronics,1,30,30,30,6,2023
101,2023-01-29 00:00:00,CUST101,Male,32,Clothing,2,300,600,1200,1,2023
102,2023-04-28 00:00:00,CUST102,Female,47,Beauty,2,25,50,100,4,2023
103,2023-01-17 00:00:00,CUST103,Female,59,Clothing,1,25,25,25,1,2023
104,2023-06-11 00:00:00,CUST104,Female,34,Beauty,2,500,1000,2000,6,2023
105,2023-07-25 00:00:00,CUST105,Female,22,Electronics,1,500,500,500,7,2023
106,2023-05-18 00:00:00,CUST106,Female,46,Clothing,1,50,50,50,5,2023
107,2023-02-03 00:00:00,CUST107,Female,21,Clothing,4,300,1200,4800,2,2023
108,2023-04-19 00:00:00,CUST108,Female,27,Beauty,3,25,75,225,4,2023
109,2023-10-18 00:00:00,CUST109,Female,34,Electronics,4,500,2000,8000,10,2023
110,2023-06-11 00:00:00,CUST110,Male,27,Clothing,3,300,900,2700,6,2023
111,2023-04-19 00:00:00,CUST111,Female,34,Electronics,3,500,1500,4500,4,2023
112,2023-12-02 00:00:00,CUST112,Male,37,Clothing,3,500,1500,4500,12,2023
113,2023-09-13 00:00:00,CUST113,Female,41,Electronics,2,25,50,100,9,2023
114,2023-07-22 00:00:00,CUST114,Female,22,Beauty,4,25,100,400,7,2023
115,2023-11-26 00:00:00,CUST115,Male,51,Clothing,3,500,1500,4500,11,2023
116,2023-08-23 00:00:00,CUST116,Female,23,Clothing,1,30,30,30,8,2023
117,2023-03-15 00:00:00,CUST117,Male,19,Electronics,2,500,1000,2000,3,2023
118,2023-05-16 00:00:00,CUST118,Female,30,Electronics,4,500,2000,8000,5,2023
119,2023-03-13 00:00:00,CUST119,Female,60,Clothing,3,50,150,450,3,2023
120,2023-05-07 00:00:00,CUST120,Male,60,Beauty,1,50,50,50,5,2023
121,2023-10-15 00:00:00,CUST121,Female,28,Electronics,4,50,200,800,10,2023
122,2023-10-03 00:00:00,CUST122,Male,64,Electronics,4,30,120,480,10,2023
123,2023-05-15 00:00:00,CUST123,Female,40,Electronics,2,30,60,120,5,2023
124,2023-10-27 00:00:00,CUST124,Male,33,Clothing,4,500,2000,8000,10,2023
125,2023-08-08 00:00:00,CUST125,Male,48,Clothing,2,50,100,200,8,2023
126,2023-10-26 00:00:00,CUST126,Female,28,Clothing,3,30,90,270,10,2023
127,2023-07-24 00:00:00,CUST127,Female,33,Clothing,2,25,50,100,7,2023
128,2023-07-05 00:00:00,CUST128,Male,25,Beauty,1,500,500,500,7,2023
129,2023-04-23 00:00:00,CUST129,Female,21,Beauty,2,300,600,1200,4,2023
130,2023-03-12 00:00:00,CUST130,Female,57,Clothing,1,500,500,500,3,2023
131,2023-09-18 00:00:00,CUST131,Female,21,Beauty,2,300,600,1200,9,2023
132,2023-09-10 00:00:00,CUST132,Male,42,Electronics,4,50,200,800,9,2023
133,2023-02-16 00:00:00,CUST133,Male,20,Electronics,3,300,900,2700,2,2023
134,2023-01-25 00:00:00,CUST134,Male,49,Electronics,1,50,50,50,1,2023
135,2023-02-26 00:00:00,CUST135,Male,20,Clothing,2,25,50,100,2,2023
136,2023-03-20 00:00:00,CUST136,Male,44,Electronics,2,300,600,1200,3,2023
137,2023-11-18 00:00:00,CUST137,Male,46,Beauty,2,500,1000,2000,11,2023
138,2023-03-23 00:00:00,CUST138,Male,49,Clothing,4,50,200,800,3,2023
139,2023-12-15 00:00:00,CUST139,Male,36,Beauty,4,500,2000,8000,12,2023
140,2023-08-05 00:00:00,CUST140,Male,38,Electronics,1,30,30,30,8,2023
141,2023-11-02 00:00:00,CUST141,Female,22,Electronics,1,50,50,50,11,2023
142,2023-02-02 00:00:00,CUST142,Male,35,Electronics,4,300,1200,4800,2,2023
143,2023-07-17 00:00:00,CUST143,Female,45,Clothing,1,50,50,50,7,2023
144,2023-07-15 00:00:00,CUST144,Female,59,Beauty,3,500,1500,4500,7,2023
145,2023-11-02 00:00:00,CUST145,Female,39,Clothing,3,25,75,225,11,2023
146,2023-08-28 00:00:00,CUST146,Male,38,Clothing,4,50,200,800,8,2023
147,2023-09-28 00:00:00,CUST147,Male,23,Electronics,1,300,300,300,9,2023
148,2023-05-09 00:00:00,CUST148,Male,18,Clothing,2,30,60,120,5,2023
149,2023-10-11 00:00:00,CUST149,Male,22,Clothing,3,25,75,225,10,2023
150,2023-01-06 00:00:00,CUST150,Female,58,Electronics,4,30,120,480,1,2023
151,2023-12-15 00:00:00,CUST151,Male,29,Clothing,1,50,50,50,12,2023
152,2023-02-28 00:00:00,CUST152,Male,43,Electronics,4,500,2000,8000,2,2023
153,2023-12-16 00:00:00,CUST153,Male,63,Electronics,2,500,1000,2000,12,2023
154,2023-10-02 00:00:00,CUST154,Male,51,Electronics,3,300,900,2700,10,2023
155,2023-05-17 00:00:00,CUST155,Male,31,Electronics,4,500,2000,8000,5,2023
156,2023-11-25 00:00:00,CUST156,Female,43,Clothing,4,25,100,400,11,2023
157,2023-06-24 00:00:00,CUST157,Male,62,Electronics,4,500,2000,8000,6,2023
158,2023-02-27 00:00:00,CUST158,Female,44,Electronics,2,300,600,1200,2,2023
159,2023-05-31 00:00:00,CUST159,Male,26,Clothing,4,50,200,800,5,2023
160,2023-08-11 00:00:00,CUST160,Female,43,Clothing,2,50,100,200,8,2023
161,2023-03-22 00:00:00,CUST161,Male,64,Beauty,2,500,1000,2000,3,2023
162,2023-08-21 00:00:00,CUST162,Male,39,Clothing,2,30,60,120,8,2023
163,2023-01-02 00:00:00,CUST163,Female,64,Clothing,3,50,150,450,1,2023
164,2023-05-15 00:00:00,CUST164,Female,47,Beauty,3,500,1500,4500,5,2023
165,2023-09-14 00:00:00,CUST165,Female,60,Clothing,4,300,1200,4800,9,2023
166,2023-04-02 00:00:00,CUST166,Male,34,Clothing,4,500,2000,8000,4,2023
167,2023-09-17 00:00:00,CUST167,Female,43,Clothing,3,50,150,450,9,2023
168,2023-02-24 00:00:00,CUST168,Male,53,Clothing,1,300,300,300,2,2023
169,2023-11-17 00:00:00,CUST169,Male,18,Beauty,3,500,1500,4500,11,2023
170,2023-06-02 00:00:00,CUST170,Female,25,Clothing,2,25,50,100,6,2023
171,2023-11-24 00:00:00,CUST171,Female,52,Clothing,3,300,900,2700,11,2023
172,2023-09-17 00:00:00,CUST172,Male,32,Beauty,2,25,50,100,9,2023
173,2023-11-08 00:00:00,CUST173,Male,64,Electronics,4,30,120,480,11,2023
174,2023-04-12 00:00:00,CUST174,Female,39,Beauty,1,300,300,300,4,2023
175,2023-03-20 00:00:00,CUST175,Female,31,Electronics,4,25,100,400,3,2023
176,2023-07-11 00:00:00,CUST176,Female,43,Beauty,2,50,100,200,7,2023
177,2023-03-24 00:00:00,CUST177,Male,45,Beauty,2,50,100,200,3,2023
178,2023-10-04 00:00:00,CUST178,Male,40,Clothing,2,30,60,120,10,2023
179,2023-09-29 00:00:00,CUST179,Male,31,Electronics,1,300,300,300,9,2023
180,2023-01-01 00:00:00,CUST180,Male,41,Clothing,3,300,900,2700,1,2023
181,2023-11-03 00:00:00,CUST181,Male,19,Electronics,4,300,1200,4800,11,2023
182,2023-06-15 00:00:00,CUST182,Male,62,Beauty,4,30,120,480,6,2023
183,2023-09-08 00:00:00,CUST183,Female,43,Beauty,3,300,900,2700,9,2023
184,2023-01-10 00:00:00,CUST184,Male,31,Electronics,4,50,200,800,1,2023
185,2023-02-27 00:00:00,CUST185,Male,24,Clothing,1,25,25,25,2,2023
186,2023-07-05 00:00:00,CUST186,Male,20,Clothing,4,50,200,800,7,2023
187,2023-06-07 00:00:00,CUST187,Female,64,Clothing,2,50,100,200,6,2023
188,2023-05-03 00:00:00,CUST188,Male,40,Clothing,3,25,75,225,5,2023
189,2023-01-30 00:00:00,CUST189,Male,63,Beauty,1,50,50,50,1,2023
190,2023-05-04 00:00:00,CUST190,Female,60,Beauty,3,30,90,270,5,2023
191,2023-10-18 00:00:00,CUST191,Male,64,Beauty,1,25,25,25,10,2023
192,2023-02-10 00:00:00,CUST192,Male,62,Beauty,2,50,100,200,2,2023
193,2023-02-13 00:00:00,CUST193,Male,35,Beauty,3,500,1500,4500,2,2023
194,2023-09-06 00:00:00,CUST194,Male,55,Clothing,4,50,200,800,9,2023
195,2023-02-05 00:00:00,CUST195,Male,52,Clothing,1,30,30,30,2,2023
196,2023-09-30 00:00:00,CUST196,Female,32,Clothing,3,300,900,2700,9,2023
197,2023-03-06 00:00:00,CUST197,Female,42,Clothing,4,50,200,800,3,2023
198,2023-03-07 00:00:00,CUST198,Female,54,Beauty,3,300,900,2700,3,2023
199,2023-12-04 00:00:00,CUST199,Male,45,Beauty,3,500,1500,4500,12,2023
200,2023-09-01 00:00:00,CUST200,Male,27,Beauty,3,50,150,450,9,2023
201,2023-10-09 00:00:00,CUST201,Male,56,Electronics,1,25,25,25,10,2023
202,2023-03-26 00:00:00,CUST202,Female,34,Clothing,4,300,1200,4800,3,2023
203,2023-05-16 00:00:00,CUST203,Male,56,Clothing,2,500,1000,2000,5,2023
204,2023-09-28 00:00:00,CUST204,Male,39,Beauty,1,25,25,25,9,2023
205,2023-11-07 00:00:00,CUST205,Female,43,Clothing,1,25,25,25,11,2023
206,2023-08-05 00:00:00,CUST206,Male,61,Clothing,1,25,25,25,8,2023
207,2023-04-19 00:00:00,CUST207,Female,42,Beauty,2,25,50,100,4,2023
208,2023-10-04 00:00:00,CUST208,Female,34,Electronics,4,50,200,800,10,2023
209,2023-12-20 00:00:00,CUST209,Female,30,Electronics,4,50,200,800,12,2023
210,2023-04-13 00:00:00,CUST210,Male,37,Electronics,4,50,200,800,4,2023
211,2024-01-01 00:00:00,CUST211,Male,42,Beauty,3,500,1500,4500,1,2024
212,2023-06-09 00:00:00,CUST212,Male,21,Clothing,3,500,1500,4500,6,2023
213,2023-07-24 00:00:00,CUST213,Male,27,Beauty,3,500,1500,4500,7,2023
214,2023-12-10 00:00:00,CUST214,Male,20,Beauty,2,30,60,120,12,2023
215,2023-11-29 00:00:00,CUST215,Male,58,Clothing,3,500,1500,4500,11,2023
216,2023-07-11 00:00:00,CUST216,Male,62,Electronics,2,50,100,200,7,2023
217,2023-08-13 00:00:00,CUST217,Female,35,Electronics,4,50,200,800,8,2023
218,2023-09-22 00:00:00,CUST218,Male,64,Beauty,3,30,90,270,9,2023
219,2023-08-20 00:00:00,CUST219,Female,53,Electronics,3,30,90,270,8,2023
220,2023-03-03 00:00:00,CUST220,Male,64,Beauty,1,500,500,500,3,2023
221,2023-05-07 00:00:00,CUST221,Male,39,Beauty,2,300,600,1200,5,2023
222,2023-04-26 00:00:00,CUST222,Male,51,Clothing,4,30,120,480,4,2023
223,2023-02-02 00:00:00,CUST223,Female,64,Clothing,1,25,25,25,2,2023
224,2023-06-23 00:00:00,CUST224,Female,25,Clothing,1,50,50,50,6,2023
225,2023-01-11 00:00:00,CUST225,Female,57,Beauty,4,25,100,400,1,2023
226,2023-10-29 00:00:00,CUST226,Female,61,Clothing,1,50,50,50,10,2023
227,2023-10-11 00:00:00,CUST227,Male,36,Electronics,2,50,100,200,10,2023
228,2023-04-28 00:00:00,CUST228,Female,59,Electronics,2,30,60,120,4,2023
229,2023-10-29 00:00:00,CUST229,Male,58,Beauty,3,30,90,270,10,2023
230,2023-04-23 00:00:00,CUST230,Male,54,Beauty,1,25,25,25,4,2023
231,2023-01-04 00:00:00,CUST231,Female,23,Clothing,3,50,150,450,1,2023
232,2023-02-06 00:00:00,CUST232,Female,43,Beauty,1,25,25,25,2,2023
233,2023-12-29 00:00:00,CUST233,Female,51,Beauty,2,300,600,1200,12,2023
234,2023-11-20 00:00:00,CUST234,Female,62,Electronics,2,25,50,100,11,2023
235,2023-01-31 00:00:00,CUST235,Female,23,Electronics,2,500,1000,2000,1,2023
236,2023-04-28 00:00:00,CUST236,Female,54,Clothing,1,25,25,25,4,2023
237,2023-02-04 00:00:00,CUST237,Female,50,Beauty,2,500,1000,2000,2,2023
238,2023-01-17 00:00:00,CUST238,Female,39,Beauty,1,500,500,500,1,2023
239,2023-06-19 00:00:00,CUST239,Male,38,Electronics,3,500,1500,4500,6,2023
240,2023-02-06 00:00:00,CUST240,Female,23,Beauty,1,300,300,300,2,2023
241,2023-09-21 00:00:00,CUST241,Female,23,Electronics,3,25,75,225,9,2023
242,2023-05-02 00:00:00,CUST242,Male,21,Clothing,1,25,25,25,5,2023
243,2023-05-23 00:00:00,CUST243,Female,47,Electronics,3,300,900,2700,5,2023
244,2023-12-09 00:00:00,CUST244,Male,28,Beauty,2,50,100,200,12,2023
245,2023-09-06 00:00:00,CUST245,Male,47,Clothing,3,30,90,270,9,2023
246,2023-04-20 00:00:00,CUST246,Female,48,Electronics,2,25,50,100,4,2023
247,2023-10-04 00:00:00,CUST247,Male,41,Electronics,2,30,60,120,10,2023
248,2023-03-09 00:00:00,CUST248,Male,26,Clothing,3,300,900,2700,3,2023
249,2023-10-20 00:00:00,CUST249,Male,20,Clothing,1,50,50,50,10,2023
250,2023-10-23 00:00:00,CUST250,Male,48,Electronics,1,50,50,50,10,2023
251,2023-08-31 00:00:00,CUST251,Female,57,Beauty,4,50,200,800,8,2023
252,2023-05-05 00:00:00,CUST252,Male,54,Electronics,1,300,300,300,5,2023
253,2023-08-31 00:00:00,CUST253,Female,53,Clothing,4,500,2000,8000,8,2023
254,2023-07-28 00:00:00,CUST254,Male,41,Electronics,1,500,500,500,7,2023
255,2023-04-08 00:00:00,CUST255,Male,48,Clothing,1,30,30,30,4,2023
256,2023-02-18 00:00:00,CUST256,Male,23,Clothing,2,500,1000,2000,2,2023
257,2023-02-19 00:00:00,CUST257,Male,19,Beauty,4,500,2000,8000,2,2023
258,2023-12-04 00:00:00,CUST258,Female,37,Clothing,1,50,50,50,12,2023
259,2023-08-09 00:00:00,CUST259,Female,45,Clothing,4,50,200,800,8,2023
260,2023-07-01 00:00:00,CUST260,Male,28,Beauty,2,30,60,120,7,2023
261,2023-08-05 00:00:00,CUST261,Male,21,Clothing,2,25,50,100,8,2023
262,2023-07-30 00:00:00,CUST262,Female,32,Beauty,4,30,120,480,7,2023
263,2023-08-28 00:00:00,CUST263,Male,23,Beauty,2,30,60,120,8,2023
264,2023-01-28 00:00:00,CUST264,Male,47,Clothing,3,300,900,2700,1,2023
265,2023-12-11 00:00:00,CUST265,Male,55,Clothing,3,300,900,2700,12,2023
266,2023-12-01 00:00:00,CUST266,Female,19,Electronics,2,30,60,120,12,2023
267,2023-11-27 00:00:00,CUST267,Female,32,Beauty,3,30,90,270,11,2023
268,2023-02-20 00:00:00,CUST268,Female,28,Electronics,1,30,30,30,2,2023
269,2023-02-01 00:00:00,CUST269,Male,25,Clothing,4,500,2000,8000,2,2023
270,2023-07-26 00:00:00,CUST270,Male,43,Electronics,1,300,300,300,7,2023
271,2023-06-23 00:00:00,CUST271,Female,62,Beauty,4,30,120,480,6,2023
272,2023-02-25 00:00:00,CUST272,Female,61,Electronics,2,50,100,200,2,2023
273,2023-05-08 00:00:00,CUST273,Female,22,Beauty,1,50,50,50,5,2023
274,2023-04-09 00:00:00,CUST274,Female,23,Clothing,2,500,1000,2000,4,2023
275,2023-04-08 00:00:00,CUST275,Male,43,Clothing,2,500,1000,2000,4,2023
276,2023-10-02 00:00:00,CUST276,Female,21,Beauty,4,25,100,400,10,2023
277,2023-08-18 00:00:00,CUST277,Male,36,Clothing,4,25,100,400,8,2023
278,2023-03-13 00:00:00,CUST278,Female,37,Clothing,4,25,100,400,3,2023
279,2023-08-05 00:00:00,CUST279,Male,50,Clothing,1,500,500,500,8,2023
280,2023-04-04 00:00:00,CUST280,Female,37,Clothing,3,500,1500,4500,4,2023
281,2023-05-23 00:00:00,CUST281,Female,29,Beauty,4,500,2000,8000,5,2023
282,2023-08-25 00:00:00,CUST282,Female,64,Electronics,4,50,200,800,8,2023
283,2023-05-08 00:00:00,CUST283,Female,18,Electronics,1,500,500,500,5,2023
284,2023-02-08 00:00:00,CUST284,Male,43,Clothing,4,50,200,800,2,2023
285,2023-08-15 00:00:00,CUST285,Female,31,Electronics,1,25,25,25,8,2023
286,2023-10-09 00:00:00,CUST286,Male,55,Electronics,2,25,50,100,10,2023
287,2023-02-20 00:00:00,CUST287,Male,54,Clothing,4,25,100,400,2,2023
288,2023-01-26 00:00:00,CUST288,Male,28,Clothing,4,30,120,480,1,2023
289,2023-11-30 00:00:00,CUST289,Male,53,Electronics,2,30,60,120,11,2023
290,2023-10-04 00:00:00,CUST290,Female,30,Beauty,2,300,600,1200,10,2023
291,2023-01-08 00:00:00,CUST291,Male,60,Clothing,2,300,600,1200,1,2023
292,2023-02-17 00:00:00,CUST292,Male,20,Beauty,4,300,1200,4800,2,2023
293,2023-05-02 00:00:00,CUST293,Male,50,Electronics,3,30,90,270,5,2023
294,2023-03-27 00:00:00,CUST294,Female,23,Clothing,3,30,90,270,3,2023
295,2023-07-28 00:00:00,CUST295,Female,27,Beauty,3,300,900,2700,7,2023
296,2023-09-06 00:00:00,CUST296,Female,22,Clothing,4,300,1200,4800,9,2023
297,2023-09-04 00:00:00,CUST297,Female,40,Electronics,2,500,1000,2000,9,2023
298,2023-04-20 00:00:00,CUST298,Male,27,Beauty,4,300,1200,4800,4,2023
299,2023-07-25 00:00:00,CUST299,Male,61,Electronics,2,500,1000,2000,7,2023
300,2023-01-31 00:00:00,CUST300,Female,19,Electronics,4,50,200,800,1,2023
301,2023-03-26 00:00:00,CUST301,Male,30,Clothing,4,30,120,480,3,2023
302,2023-07-14 00:00:00,CUST302,Male,57,Beauty,2,300,600,1200,7,2023
303,2023-01-02 00:00:00,CUST303,Male,19,Electronics,3,30,90,270,1,2023
304,2023-07-19 00:00:00,CUST304,Female,37,Electronics,2,30,60,120,7,2023
305,2023-05-16 00:00:00,CUST305,Female,18,Beauty,1,30,30,30,5,2023
306,2023-08-21 00:00:00,CUST306,Male,54,Electronics,1,50,50,50,8,2023
307,2023-05-27 00:00:00,CUST307,Female,26,Electronics,2,25,50,100,5,2023
308,2023-08-05 00:00:00,CUST308,Female,34,Beauty,4,300,1200,4800,8,2023
309,2023-12-23 00:00:00,CUST309,Female,26,Beauty,1,25,25,25,12,2023
310,2023-10-12 00:00:00,CUST310,Female,28,Beauty,1,25,25,25,10,2023
311,2023-12-05 00:00:00,CUST311,Female,32,Beauty,4,25,100,400,12,2023
312,2023-09-07 00:00:00,CUST312,Male,41,Clothing,4,30,120,480,9,2023
313,2023-03-21 00:00:00,CUST313,Female,55,Beauty,3,500,1500,4500,3,2023
314,2023-04-08 00:00:00,CUST314,Male,52,Clothing,4,30,120,480,4,2023
315,2023-06-01 00:00:00,CUST315,Male,47,Clothing,2,30,60,120,6,2023
316,2023-04-22 00:00:00,CUST316,Female,48,Clothing,2,25,50,100,4,2023
317,2023-01-30 00:00:00,CUST317,Male,22,Electronics,3,30,90,270,1,2023
318,2023-10-24 00:00:00,CUST318,Male,61,Clothing,1,25,25,25,10,2023
319,2023-10-05 00:00:00,CUST319,Male,31,Clothing,1,500,500,500,10,2023
320,2023-02-01 00:00:00,CUST320,Female,28,Electronics,4,300,1200,4800,2,2023
321,2023-06-10 00:00:00,CUST321,Female,26,Electronics,2,25,50,100,6,2023
322,2023-01-30 00:00:00,CUST322,Male,51,Electronics,1,500,500,500,1,2023
323,2023-01-26 00:00:00,CUST323,Female,29,Beauty,3,300,900,2700,1,2023
324,2023-10-27 00:00:00,CUST324,Female,52,Electronics,3,50,150,450,10,2023
325,2023-09-02 00:00:00,CUST325,Female,52,Electronics,2,25,50,100,9,2023
326,2023-09-15 00:00:00,CUST326,Female,18,Clothing,3,25,75,225,9,2023
327,2023-09-29 00:00:00,CUST327,Male,57,Electronics,3,50,150,450,9,2023
328,2023-03-22 00:00:00,CUST328,Male,39,Beauty,2,50,100,200,3,2023
329,2023-01-30 00:00:00,CUST329,Female,46,Electronics,4,25,100,400,1,2023
330,2023-09-18 00:00:00,CUST330,Female,25,Beauty,4,50,200,800,9,2023
331,2023-02-11 00:00:00,CUST331,Male,28,Electronics,3,30,90,270,2,2023
332,2023-04-06 00:00:00,CUST332,Male,58,Electronics,4,300,1200,4800,4,2023
333,2023-02-05 00:00:00,CUST333,Female,54,Electronics,4,300,1200,4800,2,2023
334,2023-11-01 00:00:00,CUST334,Male,31,Electronics,3,300,900,2700,11,2023
335,2023-02-04 00:00:00,CUST335,Female,47,Beauty,4,30,120,480,2,2023
336,2023-12-12 00:00:00,CUST336,Female,52,Beauty,3,50,150,450,12,2023
337,2023-05-01 00:00:00,CUST337,Male,38,Clothing,1,500,500,500,5,2023
338,2023-07-26 00:00:00,CUST338,Male,54,Beauty,2,50,100,200,7,2023
339,2023-03-03 00:00:00,CUST339,Female,22,Electronics,2,25,50,100,3,2023
340,2023-10-19 00:00:00,CUST340,Female,36,Clothing,4,300,1200,4800,10,2023
341,2023-05-07 00:00:00,CUST341,Male,31,Clothing,4,50,200,800,5,2023
342,2023-10-24 00:00:00,CUST342,Female,43,Clothing,4,500,2000,8000,10,2023
343,2023-11-01 00:00:00,CUST343,Male,21,Electronics,2,25,50,100,11,2023
344,2023-01-21 00:00:00,CUST344,Female,42,Beauty,1,30,30,30,1,2023
345,2023-11-14 00:00:00,CUST345,Male,62,Electronics,1,30,30,30,11,2023
346,2023-02-11 00:00:00,CUST346,Male,59,Clothing,2,500,1000,2000,2,2023
347,2023-08-03 00:00:00,CUST347,Male,42,Electronics,1,25,25,25,8,2023
348,2023-12-03 00:00:00,CUST348,Female,35,Electronics,2,300,600,1200,12,2023
349,2023-10-26 00:00:00,CUST349,Female,57,Beauty,1,50,50,50,10,2023
350,2023-10-17 00:00:00,CUST350,Male,25,Beauty,3,25,75,225,10,2023
351,2023-09-25 00:00:00,CUST351,Female,56,Clothing,3,30,90,270,9,2023
352,2023-06-11 00:00:00,CUST352,Male,57,Electronics,2,500,1000,2000,6,2023
353,2023-05-14 00:00:00,CUST353,Male,31,Electronics,1,500,500,500,5,2023
354,2023-04-15 00:00:00,CUST354,Female,49,Beauty,4,50,200,800,4,2023
355,2023-12-09 00:00:00,CUST355,Female,55,Electronics,1,500,500,500,12,2023
356,2023-06-10 00:00:00,CUST356,Male,50,Electronics,3,500,1500,4500,6,2023
357,2023-05-03 00:00:00,CUST357,Female,40,Electronics,3,25,75,225,5,2023
358,2023-05-16 00:00:00,CUST358,Female,32,Beauty,1,300,300,300,5,2023
359,2023-07-22 00:00:00,CUST359,Male,50,Clothing,1,50,50,50,7,2023
360,2023-03-09 00:00:00,CUST360,Male,42,Clothing,4,25,100,400,3,2023
361,2023-12-10 00:00:00,CUST361,Female,34,Electronics,4,300,1200,4800,12,2023
362,2023-11-27 00:00:00,CUST362,Male,50,Clothing,1,25,25,25,11,2023
363,2023-06-03 00:00:00,CUST363,Male,64,Beauty,1,25,25,25,6,2023
364,2023-08-23 00:00:00,CUST364,Female,19,Beauty,1,500,500,500,8,2023
365,2023-06-11 00:00:00,CUST365,Male,31,Clothing,1,300,300,300,6,2023
366,2023-02-07 00:00:00,CUST366,Male,57,Clothing,2,50,100,200,2,2023
367,2023-01-05 00:00:00,CUST367,Female,57,Electronics,1,50,50,50,1,2023
368,2023-08-23 00:00:00,CUST368,Female,56,Clothing,4,300,1200,4800,8,2023
369,2023-11-15 00:00:00,CUST369,Male,23,Electronics,3,500,1500,4500,11,2023
370,2023-10-16 00:00:00,CUST370,Male,23,Electronics,2,30,60,120,10,2023
371,2023-02-21 00:00:00,CUST371,Female,20,Beauty,1,25,25,25,2,2023
372,2023-02-07 00:00:00,CUST372,Female,24,Beauty,3,500,1500,4500,2,2023
373,2023-10-03 00:00:00,CUST373,Female,25,Beauty,2,300,600,1200,10,2023
374,2023-04-20 00:00:00,CUST374,Female,59,Beauty,3,25,75,225,4,2023
375,2023-09-17 00:00:00,CUST375,Male,32,Clothing,1,50,50,50,9,2023
376,2023-05-16 00:00:00,CUST376,Female,64,Beauty,1,30,30,30,5,2023
377,2023-03-09 00:00:00,CUST377,Female,46,Clothing,4,50,200,800,3,2023
378,2023-06-28 00:00:00,CUST378,Male,50,Beauty,1,300,300,300,6,2023
379,2023-02-05 00:00:00,CUST379,Female,47,Clothing,1,25,25,25,2,2023
380,2023-05-06 00:00:00,CUST380,Male,56,Electronics,2,300,600,1200,5,2023
381,2023-07-09 00:00:00,CUST381,Female,44,Clothing,4,25,100,400,7,2023
382,2023-05-26 00:00:00,CUST382,Female,53,Clothing,2,500,1000,2000,5,2023
383,2023-03-22 00:00:00,CUST383,Female,46,Beauty,3,30,90,270,3,2023
384,2023-08-13 00:00:00,CUST384,Male,55,Clothing,1,500,500,500,8,2023
385,2023-10-06 00:00:00,CUST385,Male,50,Electronics,3,500,1500,4500,10,2023
386,2023-12-27 00:00:00,CUST386,Female,54,Electronics,2,300,600,1200,12,2023
387,2023-06-04 00:00:00,CUST387,Male,44,Beauty,1,30,30,30,6,2023
388,2023-11-10 00:00:00,CUST388,Male,50,Electronics,1,25,25,25,11,2023
389,2023-12-01 00:00:00,CUST389,Male,21,Clothing,2,25,50,100,12,2023
390,2023-09-28 00:00:00,CUST390,Male,39,Electronics,2,50,100,200,9,2023
391,2023-01-05 00:00:00,CUST391,Male,19,Beauty,2,25,50,100,1,2023
392,2023-12-08 00:00:00,CUST392,Male,27,Clothing,2,300,600,1200,12,2023
393,2023-10-11 00:00:00,CUST393,Female,22,Beauty,2,500,1000,2000,10,2023
394,2023-06-03 00:00:00,CUST394,Female,27,Clothing,1,500,500,500,6,2023
395,2023-12-06 00:00:00,CUST395,Male,50,Electronics,2,500,1000,2000,12,2023
396,2023-02-23 00:00:00,CUST396,Female,55,Beauty,1,30,30,30,2,2023
397,2023-03-10 00:00:00,CUST397,Female,30,Beauty,1,25,25,25,3,2023
398,2023-05-16 00:00:00,CUST398,Female,48,Clothing,2,300,600,1200,5,2023
399,2023-03-01 00:00:00,CUST399,Female,64,Beauty,2,30,60,120,3,2023
400,2023-02-24 00:00:00,CUST400,Male,53,Clothing,4,50,200,800,2,2023
401,2023-10-11 00:00:00,CUST401,Female,62,Clothing,1,300,300,300,10,2023
402,2023-03-21 00:00:00,CUST402,Female,41,Clothing,2,300,600,1200,3,2023
403,2023-05-20 00:00:00,CUST403,Male,32,Clothing,2,300,600,1200,5,2023
404,2023-05-25 00:00:00,CUST404,Male,46,Electronics,2,500,1000,2000,5,2023
405,2023-11-06 00:00:00,CUST405,Female,25,Clothing,4,300,1200,4800,11,2023
406,2023-04-18 00:00:00,CUST406,Female,22,Beauty,4,25,100,400,4,2023
407,2023-06-25 00:00:00,CUST407,Female,46,Electronics,3,300,900,2700,6,2023
408,2023-04-15 00:00:00,CUST408,Female,64,Beauty,1,500,500,500,4,2023
409,2023-12-18 00:00:00,CUST409,Female,21,Electronics,3,300,900,2700,12,2023
410,2023-11-21 00:00:00,CUST410,Female,29,Clothing,2,50,100,200,11,2023
411,2023-05-16 00:00:00,CUST411,Male,62,Electronics,4,50,200,800,5,2023
412,2023-09-16 00:00:00,CUST412,Female,19,Electronics,4,500,2000,8000,9,2023
413,2023-09-08 00:00:00,CUST413,Female,44,Beauty,3,25,75,225,9,2023
414,2023-05-09 00:00:00,CUST414,Male,48,Beauty,4,25,100,400,5,2023
415,2023-01-27 00:00:00,CUST415,Male,53,Clothing,2,30,60,120,1,2023
416,2023-02-17 00:00:00,CUST416,Male,53,Electronics,4,500,2000,8000,2,2023
417,2023-11-21 00:00:00,CUST417,Male,43,Electronics,3,300,900,2700,11,2023
418,2023-08-05 00:00:00,CUST418,Female,60,Electronics,2,500,1000,2000,8,2023
419,2023-05-22 00:00:00,CUST419,Female,44,Clothing,3,30,90,270,5,2023
420,2023-01-23 00:00:00,CUST420,Female,22,Clothing,4,500,2000,8000,1,2023
421,2023-01-02 00:00:00,CUST421,Female,37,Clothing,3,500,1500,4500,1,2023
422,2023-06-20 00:00:00,CUST422,Female,28,Clothing,3,30,90,270,6,2023
423,2023-03-08 00:00:00,CUST423,Female,27,Clothing,1,25,25,25,3,2023
424,2023-11-23 00:00:00,CUST424,Male,57,Beauty,4,300,1200,4800,11,2023
425,2023-05-15 00:00:00,CUST425,Female,55,Electronics,4,30,120,480,5,2023
426,2023-03-24 00:00:00,CUST426,Male,23,Electronics,3,50,150,450,3,2023
427,2023-08-15 00:00:00,CUST427,Male,25,Electronics,1,25,25,25,8,2023
428,2023-10-10 00:00:00,CUST428,Female,40,Electronics,4,50,200,800,10,2023
429,2023-12-28 00:00:00,CUST429,Male,64,Electronics,2,25,50,100,12,2023
430,2023-08-07 00:00:00,CUST430,Female,43,Electronics,3,300,900,2700,8,2023
431,2023-10-15 00:00:00,CUST431,Male,63,Electronics,4,300,1200,4800,10,2023
432,2023-01-05 00:00:00,CUST432,Female,60,Electronics,2,500,1000,2000,1,2023
433,2023-02-27 00:00:00,CUST433,Male,29,Beauty,4,50,200,800,2,2023
434,2023-02-08 00:00:00,CUST434,Female,43,Electronics,2,25,50,100,2,2023
435,2023-12-20 00:00:00,CUST435,Female,30,Beauty,3,300,900,2700,12,2023
436,2023-03-18 00:00:00,CUST436,Female,57,Clothing,4,30,120,480,3,2023
437,2023-10-07 00:00:00,CUST437,Female,35,Electronics,4,300,1200,4800,10,2023
438,2023-01-19 00:00:00,CUST438,Female,42,Clothing,1,30,30,30,1,2023
439,2023-07-09 00:00:00,CUST439,Male,50,Clothing,3,25,75,225,7,2023
440,2023-10-26 00:00:00,CUST440,Male,64,Clothing,2,300,600,1200,10,2023
441,2023-10-10 00:00:00,CUST441,Male,57,Beauty,4,300,1200,4800,10,2023
442,2023-03-17 00:00:00,CUST442,Female,60,Clothing,4,25,100,400,3,2023
443,2023-08-09 00:00:00,CUST443,Male,29,Clothing,2,300,600,1200,8,2023
444,2023-03-07 00:00:00,CUST444,Female,61,Clothing,3,30,90,270,3,2023
445,2023-01-22 00:00:00,CUST445,Female,53,Electronics,1,300,300,300,1,2023
446,2023-06-07 00:00:00,CUST446,Male,21,Electronics,1,50,50,50,6,2023
447,2023-07-06 00:00:00,CUST447,Male,22,Beauty,4,500,2000,8000,7,2023
448,2023-01-21 00:00:00,CUST448,Female,54,Beauty,2,30,60,120,1,2023
449,2023-07-03 00:00:00,CUST449,Male,25,Electronics,4,50,200,800,7,2023
450,2023-04-18 00:00:00,CUST450,Female,59,Beauty,2,25,50,100,4,2023
451,2023-12-16 00:00:00,CUST451,Female,45,Electronics,1,30,30,30,12,2023
452,2023-05-08 00:00:00,CUST452,Female,48,Clothing,3,500,1500,4500,5,2023
453,2023-12-08 00:00:00,CUST453,Female,26,Clothing,2,500,1000,2000,12,2023
454,2023-02-22 00:00:00,CUST454,Female,46,Beauty,1,25,25,25,2,2023
455,2023-07-01 00:00:00,CUST455,Male,31,Electronics,4,25,100,400,7,2023
456,2023-10-14 00:00:00,CUST456,Male,57,Electronics,2,30,60,120,10,2023
457,2023-07-28 00:00:00,CUST457,Female,58,Beauty,3,300,900,2700,7,2023
458,2023-11-14 00:00:00,CUST458,Female,39,Electronics,4,25,100,400,11,2023
459,2023-03-21 00:00:00,CUST459,Male,28,Clothing,4,300,1200,4800,3,2023
460,2023-05-02 00:00:00,CUST460,Male,40,Beauty,1,50,50,50,5,2023
461,2023-03-25 00:00:00,CUST461,Female,18,Beauty,2,500,1000,2000,3,2023
462,2023-04-01 00:00:00,CUST462,Male,63,Electronics,4,300,1200,4800,4,2023
463,2023-07-31 00:00:00,CUST463,Female,54,Beauty,3,500,1500,4500,7,2023
464,2023-01-13 00:00:00,CUST464,Male,38,Electronics,2,300,600,1200,1,2023
465,2023-04-02 00:00:00,CUST465,Female,43,Electronics,3,50,150,450,4,2023
466,2023-06-20 00:00:00,CUST466,Male,63,Electronics,4,25,100,400,6,2023
467,2023-07-30 00:00:00,CUST467,Female,53,Electronics,3,50,150,450,7,2023
468,2023-12-09 00:00:00,CUST468,Male,40,Electronics,1,25,25,25,12,2023
469,2023-05-08 00:00:00,CUST469,Male,18,Beauty,3,25,75,225,5,2023
470,2023-05-17 00:00:00,CUST470,Female,57,Clothing,2,500,1000,2000,5,2023
471,2023-03-23 00:00:00,CUST471,Male,32,Clothing,3,50,150,450,3,2023
472,2023-12-26 00:00:00,CUST472,Female,38,Beauty,3,300,900,2700,12,2023
473,2023-02-25 00:00:00,CUST473,Male,64,Beauty,1,50,50,50,2,2023
474,2023-07-15 00:00:00,CUST474,Female,26,Clothing,3,500,1500,4500,7,2023
475,2023-01-20 00:00:00,CUST475,Male,26,Clothing,3,25,75,225,1,2023
476,2023-08-29 00:00:00,CUST476,Female,27,Clothing,4,500,2000,8000,8,2023
477,2023-04-24 00:00:00,CUST477,Male,43,Clothing,4,30,120,480,4,2023
478,2023-04-13 00:00:00,CUST478,Female,58,Clothing,2,30,60,120,4,2023
479,2023-08-24 00:00:00,CUST479,Male,52,Electronics,4,300,1200,4800,8,2023
480,2023-06-29 00:00:00,CUST480,Female,42,Beauty,4,500,2000,8000,6,2023
481,2023-06-06 00:00:00,CUST481,Female,43,Electronics,4,300,1200,4800,6,2023
482,2023-04-27 00:00:00,CUST482,Female,28,Clothing,4,300,1200,4800,4,2023
483,2023-04-25 00:00:00,CUST483,Male,55,Clothing,1,30,30,30,4,2023
484,2023-01-13 00:00:00,CUST484,Female,19,Clothing,4,300,1200,4800,1,2023
485,2023-12-04 00:00:00,CUST485,Male,24,Electronics,1,30,30,30,12,2023
486,2023-04-09 00:00:00,CUST486,Female,35,Electronics,1,25,25,25,4,2023
487,2023-07-24 00:00:00,CUST487,Male,44,Clothing,4,500,2000,8000,7,2023
488,2023-06-18 00:00:00,CUST488,Female,51,Electronics,3,300,900,2700,6,2023
489,2023-05-23 00:00:00,CUST489,Male,44,Electronics,1,30,30,30,5,2023
490,2023-02-05 00:00:00,CUST490,Male,34,Clothing,3,50,150,450,2,2023
491,2023-05-23 00:00:00,CUST491,Female,60,Electronics,3,300,900,2700,5,2023
492,2023-06-29 00:00:00,CUST492,Male,61,Beauty,4,25,100,400,6,2023
493,2023-11-25 00:00:00,CUST493,Male,41,Beauty,2,25,50,100,11,2023
494,2023-09-18 00:00:00,CUST494,Female,42,Beauty,4,50,200,800,9,2023
495,2023-07-24 00:00:00,CUST495,Male,24,Beauty,2,30,60,120,7,2023
496,2023-12-14 00:00:00,CUST496,Male,23,Clothing,2,300,600,1200,12,2023
497,2023-10-02 00:00:00,CUST497,Male,41,Clothing,4,30,120,480,10,2023
498,2023-06-19 00:00:00,CUST498,Female,50,Clothing,4,25,100,400,6,2023
499,2023-01-15 00:00:00,CUST499,Male,46,Beauty,2,30,60,120,1,2023
500,2023-03-01 00:00:00,CUST500,Female,60,Beauty,4,25,100,400,3,2023
501,2023-05-14 00:00:00,CUST501,Male,39,Electronics,2,30,60,120,5,2023
502,2023-04-02 00:00:00,CUST502,Male,43,Electronics,3,50,150,450,4,2023
503,2023-10-25 00:00:00,CUST503,Male,45,Beauty,4,500,2000,8000,10,2023
504,2023-05-16 00:00:00,CUST504,Female,38,Beauty,3,50,150,450,5,2023
505,2023-01-20 00:00:00,CUST505,Male,24,Beauty,1,50,50,50,1,2023
506,2023-02-25 00:00:00,CUST506,Male,34,Beauty,3,500,1500,4500,2,2023
507,2023-11-02 00:00:00,CUST507,Female,37,Electronics,3,500,1500,4500,11,2023
508,2023-08-11 00:00:00,CUST508,Male,58,Beauty,2,300,600,1200,8,2023
509,2023-06-26 00:00:00,CUST509,Female,37,Electronics,3,300,900,2700,6,2023
510,2023-06-10 00:00:00,CUST510,Female,39,Beauty,4,50,200,800,6,2023
511,2023-08-12 00:00:00,CUST511,Male,45,Beauty,2,50,100,200,8,2023
512,2023-11-07 00:00:00,CUST512,Female,57,Beauty,1,25,25,25,11,2023
513,2023-09-19 00:00:00,CUST513,Male,24,Electronics,4,25,100,400,9,2023
514,2023-03-01 00:00:00,CUST514,Female,18,Electronics,1,300,300,300,3,2023
515,2023-07-17 00:00:00,CUST515,Female,49,Clothing,3,300,900,2700,7,2023
516,2023-10-23 00:00:00,CUST516,Male,30,Beauty,4,25,100,400,10,2023
517,2023-04-08 00:00:00,CUST517,Female,47,Clothing,4,25,100,400,4,2023
518,2023-05-11 00:00:00,CUST518,Female,40,Clothing,1,30,30,30,5,2023
519,2023-01-23 00:00:00,CUST519,Female,36,Electronics,4,30,120,480,1,2023
520,2023-12-29 00:00:00,CUST520,Female,49,Electronics,4,25,100,400,12,2023
521,2023-08-12 00:00:00,CUST521,Female,47,Clothing,4,30,120,480,8,2023
522,2023-01-01 00:00:00,CUST522,Male,46,Beauty,3,500,1500,4500,1,2023
523,2023-09-24 00:00:00,CUST523,Female,62,Electronics,1,300,300,300,9,2023
524,2023-10-03 00:00:00,CUST524,Male,46,Beauty,4,300,1200,4800,10,2023
525,2023-12-18 00:00:00,CUST525,Female,47,Beauty,2,25,50,100,12,2023
526,2023-12-10 00:00:00,CUST526,Male,33,Clothing,2,50,100,200,12,2023
527,2023-04-11 00:00:00,CUST527,Male,57,Clothing,2,25,50,100,4,2023
528,2023-07-06 00:00:00,CUST528,Female,36,Clothing,2,30,60,120,7,2023
529,2023-08-09 00:00:00,CUST529,Female,35,Clothing,3,50,150,450,8,2023
530,2023-02-05 00:00:00,CUST530,Female,18,Electronics,4,30,120,480,2,2023
531,2023-12-07 00:00:00,CUST531,Male,31,Electronics,1,500,500,500,12,2023
532,2023-06-19 00:00:00,CUST532,Female,64,Clothing,4,30,120,480,6,2023
533,2023-11-16 00:00:00,CUST533,Male,19,Electronics,3,500,1500,4500,11,2023
534,2023-06-10 00:00:00,CUST534,Male,45,Clothing,2,500,1000,2000,6,2023
535,2023-12-06 00:00:00,CUST535,Male,47,Beauty,3,30,90,270,12,2023
536,2023-03-05 00:00:00,CUST536,Female,55,Beauty,4,30,120,480,3,2023
537,2023-06-03 00:00:00,CUST537,Female,21,Beauty,1,500,500,500,6,2023
538,2023-09-17 00:00:00,CUST538,Male,18,Clothing,3,50,150,450,9,2023
539,2023-06-08 00:00:00,CUST539,Male,25,Beauty,1,500,500,500,6,2023
540,2023-12-08 00:00:00,CUST540,Female,46,Electronics,3,300,900,2700,12,2023
541,2023-07-29 00:00:00,CUST541,Male,56,Beauty,1,500,500,500,7,2023
542,2023-06-17 00:00:00,CUST542,Female,20,Beauty,1,50,50,50,6,2023
543,2023-07-26 00:00:00,CUST543,Male,49,Beauty,2,300,600,1200,7,2023
544,2023-12-23 00:00:00,CUST544,Female,27,Electronics,1,25,25,25,12,2023
545,2023-06-01 00:00:00,CUST545,Male,27,Clothing,2,25,50,100,6,2023
546,2023-10-11 00:00:00,CUST546,Female,36,Electronics,4,50,200,800,10,2023
547,2023-03-07 00:00:00,CUST547,Male,63,Clothing,4,500,2000,8000,3,2023
548,2023-04-09 00:00:00,CUST548,Female,51,Clothing,2,30,60,120,4,2023
549,2023-08-04 00:00:00,CUST549,Female,50,Beauty,2,50,100,200,8,2023
550,2023-12-07 00:00:00,CUST550,Male,40,Clothing,3,300,900,2700,12,2023
551,2023-07-14 00:00:00,CUST551,Male,45,Electronics,3,300,900,2700,7,2023
552,2023-12-13 00:00:00,CUST552,Female,49,Electronics,3,25,75,225,12,2023
553,2023-03-31 00:00:00,CUST553,Male,24,Clothing,4,300,1200,4800,3,2023
554,2023-11-12 00:00:00,CUST554,Female,46,Beauty,3,50,150,450,11,2023
555,2023-10-19 00:00:00,CUST555,Male,25,Beauty,1,300,300,300,10,2023
556,2023-06-04 00:00:00,CUST556,Female,18,Electronics,1,50,50,50,6,2023
557,2023-07-27 00:00:00,CUST557,Female,20,Beauty,3,30,90,270,7,2023
558,2023-10-08 00:00:00,CUST558,Female,41,Clothing,1,25,25,25,10,2023
559,2023-01-01 00:00:00,CUST559,Female,40,Clothing,4,300,1200,4800,1,2023
560,2023-06-05 00:00:00,CUST560,Female,25,Electronics,1,50,50,50,6,2023
561,2023-05-27 00:00:00,CUST561,Female,64,Clothing,4,500,2000,8000,5,2023
562,2023-04-18 00:00:00,CUST562,Male,54,Electronics,2,25,50,100,4,2023
563,2023-08-09 00:00:00,CUST563,Male,20,Clothing,2,30,60,120,8,2023
564,2023-10-24 00:00:00,CUST564,Male,50,Electronics,2,50,100,200,10,2023
565,2023-11-07 00:00:00,CUST565,Female,45,Beauty,2,30,60,120,11,2023
566,2023-12-02 00:00:00,CUST566,Female,64,Clothing,1,30,30,30,12,2023
567,2023-06-14 00:00:00,CUST567,Female,25,Clothing,3,300,900,2700,6,2023
568,2023-08-27 00:00:00,CUST568,Female,51,Electronics,1,300,300,300,8,2023
569,2023-08-15 00:00:00,CUST569,Male,52,Electronics,4,50,200,800,8,2023
570,2023-08-15 00:00:00,CUST570,Male,49,Clothing,1,500,500,500,8,2023
571,2023-12-12 00:00:00,CUST571,Female,41,Electronics,1,50,50,50,12,2023
572,2023-04-20 00:00:00,CUST572,Male,31,Clothing,4,500,2000,8000,4,2023
573,2023-09-19 00:00:00,CUST573,Male,49,Beauty,2,30,60,120,9,2023
574,2023-08-31 00:00:00,CUST574,Female,63,Electronics,2,25,50,100,8,2023
575,2023-03-28 00:00:00,CUST575,Male,60,Clothing,2,50,100,200,3,2023
576,2023-12-04 00:00:00,CUST576,Female,33,Beauty,3,50,150,450,12,2023
577,2023-02-13 00:00:00,CUST577,Male,21,Beauty,4,500,2000,8000,2,2023
578,2023-05-26 00:00:00,CUST578,Female,54,Clothing,4,30,120,480,5,2023
579,2023-09-21 00:00:00,CUST579,Female,38,Electronics,1,30,30,30,9,2023
580,2023-12-06 00:00:00,CUST580,Female,31,Clothing,3,500,1500,4500,12,2023
581,2023-11-21 00:00:00,CUST581,Female,48,Beauty,2,30,60,120,11,2023
582,2023-11-14 00:00:00,CUST582,Male,35,Clothing,3,300,900,2700,11,2023
583,2023-06-21 00:00:00,CUST583,Female,24,Electronics,4,25,100,400,6,2023
584,2023-02-17 00:00:00,CUST584,Female,27,Beauty,4,50,200,800,2,2023
585,2023-05-01 00:00:00,CUST585,Female,24,Clothing,1,25,25,25,5,2023
586,2023-12-11 00:00:00,CUST586,Male,50,Electronics,1,50,50,50,12,2023
587,2023-06-08 00:00:00,CUST587,Female,40,Beauty,4,300,1200,4800,6,2023
588,2023-04-26 00:00:00,CUST588,Male,38,Electronics,2,30,60,120,4,2023
589,2023-04-12 00:00:00,CUST589,Female,36,Beauty,2,500,1000,2000,4,2023
590,2023-03-17 00:00:00,CUST590,Male,36,Clothing,3,300,900,2700,3,2023
591,2023-01-13 00:00:00,CUST591,Male,53,Electronics,4,25,100,400,1,2023
592,2023-01-24 00:00:00,CUST592,Female,46,Beauty,4,500,2000,8000,1,2023
593,2023-05-06 00:00:00,CUST593,Male,35,Electronics,2,30,60,120,5,2023
594,2023-09-01 00:00:00,CUST594,Female,19,Electronics,2,300,600,1200,9,2023
595,2023-11-09 00:00:00,CUST595,Female,18,Clothing,4,500,2000,8000,11,2023
596,2023-02-07 00:00:00,CUST596,Female,64,Electronics,1,300,300,300,2,2023
597,2023-08-22 00:00:00,CUST597,Male,22,Beauty,4,300,1200,4800,8,2023
598,2023-08-01 00:00:00,CUST598,Male,37,Beauty,4,30,120,480,8,2023
599,2023-11-19 00:00:00,CUST599,Female,28,Beauty,2,50,100,200,11,2023
600,2023-10-22 00:00:00,CUST600,Female,59,Beauty,2,500,1000,2000,10,2023
601,2023-04-10 00:00:00,CUST601,Male,19,Clothing,1,30,30,30,4,2023
602,2023-12-23 00:00:00,CUST602,Female,20,Electronics,1,300,300,300,12,2023
603,2023-07-16 00:00:00,CUST603,Female,40,Clothing,3,30,90,270,7,2023
604,2023-09-11 00:00:00,CUST604,Female,29,Electronics,4,50,200,800,9,2023
605,2023-07-24 00:00:00,CUST605,Male,37,Electronics,2,500,1000,2000,7,2023
606,2023-05-05 00:00:00,CUST606,Male,22,Electronics,1,50,50,50,5,2023
607,2023-03-17 00:00:00,CUST607,Male,54,Clothing,3,25,75,225,3,2023
608,2023-12-02 00:00:00,CUST608,Female,55,Electronics,3,500,1500,4500,12,2023
609,2023-12-19 00:00:00,CUST609,Female,47,Clothing,2,50,100,200,12,2023
610,2023-01-03 00:00:00,CUST610,Female,26,Beauty,2,300,600,1200,1,2023
611,2023-02-24 00:00:00,CUST611,Male,51,Beauty,3,500,1500,4500,2,2023
612,2023-08-06 00:00:00,CUST612,Female,61,Electronics,1,500,500,500,8,2023
613,2023-04-23 00:00:00,CUST613,Female,52,Clothing,3,30,90,270,4,2023
614,2023-04-01 00:00:00,CUST614,Female,39,Beauty,4,300,1200,4800,4,2023
615,2023-12-23 00:00:00,CUST615,Female,61,Clothing,4,25,100,400,12,2023
616,2023-09-23 00:00:00,CUST616,Male,41,Clothing,2,50,100,200,9,2023
617,2023-08-26 00:00:00,CUST617,Male,34,Electronics,1,30,30,30,8,2023
618,2023-01-26 00:00:00,CUST618,Female,27,Beauty,1,50,50,50,1,2023
619,2023-10-13 00:00:00,CUST619,Male,47,Electronics,4,25,100,400,10,2023
620,2023-05-08 00:00:00,CUST620,Male,63,Electronics,3,25,75,225,5,2023
621,2023-03-04 00:00:00,CUST621,Female,40,Beauty,2,500,1000,2000,3,2023
622,2023-08-22 00:00:00,CUST622,Female,49,Beauty,3,25,75,225,8,2023
623,2023-03-10 00:00:00,CUST623,Male,34,Clothing,3,50,150,450,3,2023
624,2023-08-26 00:00:00,CUST624,Female,34,Beauty,3,300,900,2700,8,2023
625,2023-12-08 00:00:00,CUST625,Male,31,Clothing,1,300,300,300,12,2023
626,2023-09-29 00:00:00,CUST626,Female,26,Clothing,4,500,2000,8000,9,2023
627,2023-10-14 00:00:00,CUST627,Male,57,Clothing,1,50,50,50,10,2023
628,2023-11-01 00:00:00,CUST628,Female,19,Beauty,4,50,200,800,11,2023
629,2023-06-12 00:00:00,CUST629,Male,62,Electronics,2,25,50,100,6,2023
630,2023-08-15 00:00:00,CUST630,Male,42,Clothing,2,50,100,200,8,2023
631,2023-11-10 00:00:00,CUST631,Male,56,Electronics,3,30,90,270,11,2023
632,2023-09-16 00:00:00,CUST632,Female,26,Electronics,4,25,100,400,9,2023
633,2023-08-07 00:00:00,CUST633,Male,39,Beauty,4,30,120,480,8,2023
634,2023-10-08 00:00:00,CUST634,Male,60,Electronics,4,500,2000,8000,10,2023
635,2023-08-17 00:00:00,CUST635,Female,63,Electronics,3,300,900,2700,8,2023
636,2023-03-23 00:00:00,CUST636,Female,21,Beauty,3,500,1500,4500,3,2023
637,2023-09-01 00:00:00,CUST637,Male,43,Clothing,2,300,600,1200,9,2023
638,2023-08-19 00:00:00,CUST638,Male,46,Electronics,1,500,500,500,8,2023
639,2023-05-13 00:00:00,CUST639,Female,62,Beauty,4,50,200,800,5,2023
640,2023-05-07 00:00:00,CUST640,Female,51,Electronics,4,30,120,480,5,2023
641,2023-11-23 00:00:00,CUST641,Female,40,Electronics,1,300,300,300,11,2023
642,2023-05-22 00:00:00,CUST642,Female,54,Clothing,4,25,100,400,5,2023
643,2023-09-24 00:00:00,CUST643,Female,28,Electronics,3,30,90,270,9,2023
644,2023-09-06 00:00:00,CUST644,Male,23,Beauty,3,25,75,225,9,2023
645,2023-11-17 00:00:00,CUST645,Female,35,Electronics,4,30,120,480,11,2023
646,2023-05-03 00:00:00,CUST646,Male,38,Clothing,3,30,90,270,5,2023
647,2023-05-21 00:00:00,CUST647,Male,59,Clothing,3,500,1500,4500,5,2023
648,2023-08-14 00:00:00,CUST648,Male,53,Beauty,4,300,1200,4800,8,2023
649,2023-02-09 00:00:00,CUST649,Female,58,Clothing,2,300,600,1200,2,2023
650,2024-01-01 00:00:00,CUST650,Male,55,Electronics,1,30,30,30,1,2024
651,2023-05-27 00:00:00,CUST651,Male,51,Clothing,3,50,150,450,5,2023
652,2023-05-01 00:00:00,CUST652,Female,34,Beauty,2,50,100,200,5,2023
653,2023-05-20 00:00:00,CUST653,Male,54,Clothing,3,25,75,225,5,2023
654,2023-06-21 00:00:00,CUST654,Male,42,Clothing,3,25,75,225,6,2023
655,2023-06-13 00:00:00,CUST655,Female,55,Clothing,1,500,500,500,6,2023
656,2023-10-04 00:00:00,CUST656,Male,29,Beauty,3,30,90,270,10,2023
657,2023-02-11 00:00:00,CUST657,Male,40,Clothing,1,25,25,25,2,2023
658,2023-03-12 00:00:00,CUST658,Male,59,Clothing,1,25,25,25,3,2023
659,2023-03-19 00:00:00,CUST659,Female,39,Electronics,1,30,30,30,3,2023
660,2023-04-29 00:00:00,CUST660,Female,38,Beauty,2,500,1000,2000,4,2023
661,2023-07-16 00:00:00,CUST661,Female,44,Clothing,4,25,100,400,7,2023
662,2023-12-22 00:00:00,CUST662,Male,48,Beauty,2,500,1000,2000,12,2023
663,2023-03-20 00:00:00,CUST663,Male,23,Clothing,4,300,1200,4800,3,2023
664,2023-12-28 00:00:00,CUST664,Female,44,Clothing,4,500,2000,8000,12,2023
665,2023-04-20 00:00:00,CUST665,Male,57,Clothing,1,50,50,50,4,2023
666,2023-02-02 00:00:00,CUST666,Male,51,Electronics,3,50,150,450,2,2023
667,2023-08-01 00:00:00,CUST667,Female,29,Electronics,1,500,500,500,8,2023
668,2023-07-28 00:00:00,CUST668,Female,62,Electronics,3,50,150,450,7,2023
669,2023-06-19 00:00:00,CUST669,Male,24,Beauty,4,300,1200,4800,6,2023
670,2023-10-05 00:00:00,CUST670,Male,27,Beauty,1,30,30,30,10,2023
671,2023-08-27 00:00:00,CUST671,Male,62,Electronics,3,50,150,450,8,2023
672,2023-08-01 00:00:00,CUST672,Female,34,Beauty,2,50,100,200,8,2023
673,2023-02-01 00:00:00,CUST673,Female,43,Clothing,3,500,1500,4500,2,2023
674,2023-04-16 00:00:00,CUST674,Female,38,Clothing,1,300,300,300,4,2023
675,2023-08-04 00:00:00,CUST675,Female,45,Clothing,2,30,60,120,8,2023
676,2023-07-19 00:00:00,CUST676,Male,63,Electronics,3,500,1500,4500,7,2023
677,2023-10-27 00:00:00,CUST677,Female,19,Beauty,3,500,1500,4500,10,2023
678,2023-12-23 00:00:00,CUST678,Female,60,Electronics,3,300,900,2700,12,2023
679,2023-01-11 00:00:00,CUST679,Female,18,Beauty,3,30,90,270,1,2023
680,2023-10-22 00:00:00,CUST680,Female,53,Clothing,3,300,900,2700,10,2023
681,2023-07-14 00:00:00,CUST681,Female,43,Electronics,2,30,60,120,7,2023
682,2023-09-02 00:00:00,CUST682,Male,46,Beauty,4,300,1200,4800,9,2023
683,2023-01-04 00:00:00,CUST683,Male,38,Beauty,2,500,1000,2000,1,2023
684,2023-06-30 00:00:00,CUST684,Female,28,Clothing,2,500,1000,2000,6,2023
685,2023-06-02 00:00:00,CUST685,Male,57,Electronics,2,25,50,100,6,2023
686,2023-07-19 00:00:00,CUST686,Female,28,Electronics,4,50,200,800,7,2023
687,2023-08-03 00:00:00,CUST687,Female,53,Electronics,1,300,300,300,8,2023
688,2023-10-03 00:00:00,CUST688,Male,56,Clothing,4,25,100,400,10,2023
689,2023-10-07 00:00:00,CUST689,Male,57,Electronics,2,50,100,200,10,2023
690,2023-11-05 00:00:00,CUST690,Female,52,Clothing,3,300,900,2700,11,2023
691,2023-04-23 00:00:00,CUST691,Female,51,Clothing,3,30,90,270,4,2023
692,2023-09-07 00:00:00,CUST692,Female,64,Clothing,2,50,100,200,9,2023
693,2023-04-23 00:00:00,CUST693,Male,41,Beauty,3,500,1500,4500,4,2023
694,2023-05-20 00:00:00,CUST694,Female,39,Electronics,2,25,50,100,5,2023
695,2023-08-12 00:00:00,CUST695,Female,22,Electronics,3,50,150,450,8,2023
696,2023-09-06 00:00:00,CUST696,Female,50,Clothing,4,50,200,800,9,2023
697,2023-01-15 00:00:00,CUST697,Male,53,Clothing,1,500,500,500,1,2023
698,2023-07-19 00:00:00,CUST698,Female,64,Electronics,1,300,300,300,7,2023
699,2023-06-22 00:00:00,CUST699,Female,37,Clothing,4,30,120,480,6,2023
700,2023-12-09 00:00:00,CUST700,Male,36,Electronics,4,500,2000,8000,12,2023
701,2023-12-14 00:00:00,CUST701,Female,52,Beauty,2,30,60,120,12,2023
702,2023-07-27 00:00:00,CUST702,Female,60,Clothing,2,300,600,1200,7,2023
703,2023-03-26 00:00:00,CUST703,Male,34,Electronics,2,50,100,200,3,2023
704,2023-08-28 00:00:00,CUST704,Female,62,Clothing,3,30,90,270,8,2023
705,2023-03-07 00:00:00,CUST705,Male,60,Electronics,2,25,50,100,3,2023
706,2023-11-15 00:00:00,CUST706,Male,51,Electronics,4,25,100,400,11,2023
707,2023-10-01 00:00:00,CUST707,Female,26,Clothing,1,500,500,500,10,2023
708,2023-01-14 00:00:00,CUST708,Female,43,Beauty,3,300,900,2700,1,2023
709,2023-07-21 00:00:00,CUST709,Female,19,Electronics,2,500,1000,2000,7,2023
710,2023-10-31 00:00:00,CUST710,Female,26,Electronics,3,500,1500,4500,10,2023
711,2023-10-16 00:00:00,CUST711,Male,26,Electronics,3,500,1500,4500,10,2023
712,2023-12-06 00:00:00,CUST712,Female,57,Beauty,2,25,50,100,12,2023
713,2023-01-14 00:00:00,CUST713,Male,34,Beauty,3,25,75,225,1,2023
714,2023-02-12 00:00:00,CUST714,Female,18,Clothing,1,500,500,500,2,2023
715,2023-11-26 00:00:00,CUST715,Female,42,Beauty,4,25,100,400,11,2023
716,2023-08-08 00:00:00,CUST716,Female,60,Clothing,4,300,1200,4800,8,2023
717,2023-03-11 00:00:00,CUST717,Male,57,Clothing,1,500,500,500,3,2023
718,2023-08-25 00:00:00,CUST718,Female,59,Beauty,3,25,75,225,8,2023
719,2023-04-04 00:00:00,CUST719,Female,42,Clothing,2,30,60,120,4,2023
720,2023-01-26 00:00:00,CUST720,Female,56,Beauty,3,500,1500,4500,1,2023
721,2023-05-14 00:00:00,CUST721,Female,52,Clothing,1,500,500,500,5,2023
722,2023-07-14 00:00:00,CUST722,Male,20,Beauty,3,300,900,2700,7,2023
723,2023-06-17 00:00:00,CUST723,Female,54,Beauty,4,50,200,800,6,2023
724,2023-04-19 00:00:00,CUST724,Male,61,Clothing,3,50,150,450,4,2023
725,2023-08-21 00:00:00,CUST725,Male,61,Electronics,1,300,300,300,8,2023
726,2023-06-17 00:00:00,CUST726,Male,47,Clothing,4,300,1200,4800,6,2023
727,2023-06-22 00:00:00,CUST727,Male,55,Beauty,3,300,900,2700,6,2023
728,2023-07-14 00:00:00,CUST728,Male,51,Electronics,3,50,150,450,7,2023
729,2023-05-23 00:00:00,CUST729,Male,29,Clothing,4,300,1200,4800,5,2023
730,2023-08-04 00:00:00,CUST730,Female,36,Clothing,2,25,50,100,8,2023
731,2023-05-10 00:00:00,CUST731,Male,54,Clothing,4,500,2000,8000,5,2023
732,2023-02-11 00:00:00,CUST732,Male,61,Electronics,2,500,1000,2000,2,2023
733,2023-08-29 00:00:00,CUST733,Male,34,Beauty,1,30,30,30,8,2023
734,2023-01-10 00:00:00,CUST734,Female,27,Clothing,1,30,30,30,1,2023
735,2023-10-04 00:00:00,CUST735,Female,64,Clothing,4,500,2000,8000,10,2023
736,2023-01-27 00:00:00,CUST736,Male,29,Clothing,4,25,100,400,1,2023
737,2023-06-29 00:00:00,CUST737,Female,33,Clothing,1,50,50,50,6,2023
738,2023-04-25 00:00:00,CUST738,Male,41,Clothing,2,50,100,200,4,2023
739,2023-11-29 00:00:00,CUST739,Male,36,Beauty,1,25,25,25,11,2023
740,2023-02-05 00:00:00,CUST740,Female,25,Beauty,4,50,200,800,2,2023
741,2023-11-30 00:00:00,CUST741,Male,48,Clothing,1,300,300,300,11,2023
742,2023-01-21 00:00:00,CUST742,Female,38,Electronics,4,500,2000,8000,1,2023
743,2023-01-16 00:00:00,CUST743,Female,34,Beauty,4,500,2000,8000,1,2023
744,2023-05-07 00:00:00,CUST744,Male,40,Electronics,1,25,25,25,5,2023
745,2023-04-13 00:00:00,CUST745,Male,54,Beauty,2,50,100,200,4,2023
746,2023-01-11 00:00:00,CUST746,Female,33,Clothing,3,30,90,270,1,2023
747,2023-11-15 00:00:00,CUST747,Male,23,Beauty,1,30,30,30,11,2023
748,2023-03-20 00:00:00,CUST748,Male,25,Clothing,3,50,150,450,3,2023
749,2023-05-03 00:00:00,CUST749,Male,42,Beauty,1,30,30,30,5,2023
750,2023-03-06 00:00:00,CUST750,Female,35,Clothing,3,25,75,225,3,2023
751,2023-08-31 00:00:00,CUST751,Female,42,Clothing,2,25,50,100,8,2023
752,2023-12-09 00:00:00,CUST752,Male,29,Clothing,2,50,100,200,12,2023
753,2023-02-28 00:00:00,CUST753,Female,32,Clothing,1,30,30,30,2,2023
754,2023-10-16 00:00:00,CUST754,Female,43,Electronics,4,25,100,400,10,2023
755,2023-04-22 00:00:00,CUST755,Female,58,Clothing,3,25,75,225,4,2023
756,2023-08-27 00:00:00,CUST756,Female,62,Electronics,4,300,1200,4800,8,2023
757,2023-12-25 00:00:00,CUST757,Female,43,Electronics,4,300,1200,4800,12,2023
758,2023-05-12 00:00:00,CUST758,Male,64,Clothing,4,25,100,400,5,2023
759,2023-07-08 00:00:00,CUST759,Male,49,Electronics,2,50,100,200,7,2023
760,2023-03-27 00:00:00,CUST760,Male,27,Beauty,1,500,500,500,3,2023
761,2023-11-07 00:00:00,CUST761,Female,33,Clothing,1,500,500,500,11,2023
762,2023-11-07 00:00:00,CUST762,Female,24,Electronics,2,25,50,100,11,2023
763,2023-02-28 00:00:00,CUST763,Male,34,Clothing,2,25,50,100,2,2023
764,2023-03-25 00:00:00,CUST764,Female,40,Clothing,1,25,25,25,3,2023
765,2023-06-09 00:00:00,CUST765,Male,43,Clothing,4,50,200,800,6,2023
766,2023-02-25 00:00:00,CUST766,Male,38,Electronics,3,300,900,2700,2,2023
767,2023-10-24 00:00:00,CUST767,Male,39,Beauty,3,25,75,225,10,2023
768,2023-01-14 00:00:00,CUST768,Female,24,Beauty,3,25,75,225,1,2023
769,2023-06-09 00:00:00,CUST769,Female,31,Electronics,4,30,120,480,6,2023
770,2023-10-22 00:00:00,CUST770,Male,32,Clothing,1,50,50,50,10,2023
771,2023-12-13 00:00:00,CUST771,Male,24,Electronics,2,25,50,100,12,2023
772,2023-07-12 00:00:00,CUST772,Male,26,Electronics,1,30,30,30,7,2023
773,2023-07-23 00:00:00,CUST773,Male,25,Electronics,4,500,2000,8000,7,2023
774,2023-04-12 00:00:00,CUST774,Female,40,Clothing,2,25,50,100,4,2023
775,2023-02-08 00:00:00,CUST775,Female,46,Electronics,4,25,100,400,2,2023
776,2023-10-31 00:00:00,CUST776,Male,35,Clothing,3,30,90,270,10,2023
777,2023-12-20 00:00:00,CUST777,Male,48,Electronics,3,50,150,450,12,2023
778,2023-11-18 00:00:00,CUST778,Female,47,Beauty,4,25,100,400,11,2023
779,2023-05-05 00:00:00,CUST779,Female,56,Electronics,2,500,1000,2000,5,2023
780,2023-02-22 00:00:00,CUST780,Male,52,Electronics,2,25,50,100,2,2023
781,2023-12-23 00:00:00,CUST781,Male,35,Beauty,1,500,500,500,12,2023
782,2023-06-04 00:00:00,CUST782,Male,59,Clothing,3,300,900,2700,6,2023
783,2023-12-17 00:00:00,CUST783,Female,56,Clothing,1,300,300,300,12,2023
784,2023-11-04 00:00:00,CUST784,Female,34,Electronics,1,500,500,500,11,2023
785,2023-03-03 00:00:00,CUST785,Female,31,Beauty,4,50,200,800,3,2023
786,2023-10-17 00:00:00,CUST786,Male,48,Clothing,4,25,100,400,10,2023
787,2023-01-22 00:00:00,CUST787,Male,41,Electronics,1,25,25,25,1,2023
788,2023-06-27 00:00:00,CUST788,Female,52,Beauty,3,300,900,2700,6,2023
789,2023-09-30 00:00:00,CUST789,Female,61,Clothing,4,500,2000,8000,9,2023
790,2023-08-08 00:00:00,CUST790,Male,62,Clothing,1,25,25,25,8,2023
791,2023-12-05 00:00:00,CUST791,Female,51,Beauty,1,25,25,25,12,2023
792,2023-07-09 00:00:00,CUST792,Female,20,Beauty,1,50,50,50,7,2023
793,2023-02-05 00:00:00,CUST793,Male,54,Beauty,1,30,30,30,2,2023
794,2023-09-17 00:00:00,CUST794,Female,60,Beauty,1,300,300,300,9,2023
795,2023-11-28 00:00:00,CUST795,Male,57,Electronics,1,300,300,300,11,2023
796,2023-06-24 00:00:00,CUST796,Male,43,Beauty,4,30,120,480,6,2023
797,2023-01-07 00:00:00,CUST797,Male,40,Clothing,3,25,75,225,1,2023
798,2023-08-04 00:00:00,CUST798,Male,61,Clothing,1,50,50,50,8,2023
799,2023-09-08 00:00:00,CUST799,Male,56,Electronics,2,50,100,200,9,2023
800,2023-02-24 00:00:00,CUST800,Male,32,Clothing,4,300,1200,4800,2,2023
801,2023-08-10 00:00:00,CUST801,Male,21,Clothing,4,50,200,800,8,2023
802,2023-07-05 00:00:00,CUST802,Female,46,Beauty,1,30,30,30,7,2023
803,2023-11-22 00:00:00,CUST803,Male,39,Clothing,4,25,100,400,11,2023
804,2023-08-24 00:00:00,CUST804,Male,42,Electronics,1,30,30,30,8,2023
805,2023-12-29 00:00:00,CUST805,Female,30,Beauty,3,500,1500,4500,12,2023
806,2023-03-20 00:00:00,CUST806,Female,35,Beauty,3,300,900,2700,3,2023
807,2023-08-11 00:00:00,CUST807,Female,50,Electronics,4,50,200,800,8,2023
808,2023-04-01 00:00:00,CUST808,Male,33,Beauty,4,500,2000,8000,4,2023
809,2023-09-25 00:00:00,CUST809,Female,62,Beauty,2,50,100,200,9,2023
810,2023-11-30 00:00:00,CUST810,Male,59,Electronics,4,25,100,400,11,2023
811,2023-05-19 00:00:00,CUST811,Male,61,Beauty,2,25,50,100,5,2023
812,2023-11-12 00:00:00,CUST812,Male,19,Electronics,3,25,75,225,11,2023
813,2023-10-03 00:00:00,CUST813,Male,52,Electronics,3,50,150,450,10,2023
814,2023-09-05 00:00:00,CUST814,Female,59,Clothing,1,500,500,500,9,2023
815,2023-08-27 00:00:00,CUST815,Female,51,Clothing,3,25,75,225,8,2023
816,2023-08-12 00:00:00,CUST816,Male,47,Beauty,2,500,1000,2000,8,2023
817,2023-10-31 00:00:00,CUST817,Male,30,Beauty,4,50,200,800,10,2023
818,2023-05-18 00:00:00,CUST818,Male,30,Electronics,1,500,500,500,5,2023
819,2023-06-15 00:00:00,CUST819,Female,35,Beauty,2,50,100,200,6,2023
820,2023-05-06 00:00:00,CUST820,Male,49,Electronics,4,50,200,800,5,2023
821,2023-02-14 00:00:00,CUST821,Male,49,Electronics,1,300,300,300,2,2023
822,2023-05-23 00:00:00,CUST822,Female,52,Beauty,3,50,150,450,5,2023
823,2023-08-19 00:00:00,CUST823,Female,56,Electronics,2,50,100,200,8,2023
824,2023-05-05 00:00:00,CUST824,Male,63,Clothing,4,30,120,480,5,2023
825,2023-08-26 00:00:00,CUST825,Female,46,Beauty,1,25,25,25,8,2023
826,2023-10-19 00:00:00,CUST826,Female,46,Clothing,1,300,300,300,10,2023
827,2023-11-09 00:00:00,CUST827,Male,61,Beauty,3,300,900,2700,11,2023
828,2023-12-09 00:00:00,CUST828,Female,33,Electronics,4,300,1200,4800,12,2023
829,2023-07-14 00:00:00,CUST829,Male,61,Beauty,3,30,90,270,7,2023
830,2023-06-22 00:00:00,CUST830,Female,64,Clothing,3,50,150,450,6,2023
831,2023-01-15 00:00:00,CUST831,Male,27,Electronics,4,25,100,400,1,2023
832,2023-09-11 00:00:00,CUST832,Male,47,Beauty,4,500,2000,8000,9,2023
833,2023-06-16 00:00:00,CUST833,Male,42,Beauty,4,50,200,800,6,2023
834,2023-04-04 00:00:00,CUST834,Female,56,Beauty,2,30,60,120,4,2023
835,2023-09-07 00:00:00,CUST835,Male,37,Clothing,4,50,200,800,9,2023
836,2023-04-19 00:00:00,CUST836,Female,22,Clothing,1,50,50,50,4,2023
837,2023-07-01 00:00:00,CUST837,Male,18,Beauty,3,30,90,270,7,2023
838,2023-05-13 00:00:00,CUST838,Male,47,Electronics,2,300,600,1200,5,2023
839,2023-06-24 00:00:00,CUST839,Female,20,Electronics,4,300,1200,4800,6,2023
840,2023-05-24 00:00:00,CUST840,Male,62,Clothing,2,25,50,100,5,2023
841,2023-11-02 00:00:00,CUST841,Male,31,Electronics,4,25,100,400,11,2023
842,2023-12-26 00:00:00,CUST842,Female,47,Clothing,2,300,600,1200,12,2023
843,2023-05-22 00:00:00,CUST843,Male,21,Beauty,3,500,1500,4500,5,2023
844,2023-10-12 00:00:00,CUST844,Male,35,Clothing,3,50,150,450,10,2023
845,2023-01-06 00:00:00,CUST845,Male,54,Clothing,1,500,500,500,1,2023
846,2023-09-22 00:00:00,CUST846,Male,42,Beauty,1,50,50,50,9,2023
847,2023-04-08 00:00:00,CUST847,Female,18,Electronics,4,300,1200,4800,4,2023
848,2023-02-13 00:00:00,CUST848,Female,63,Clothing,3,25,75,225,2,2023
849,2023-05-04 00:00:00,CUST849,Male,32,Clothing,2,25,50,100,5,2023
850,2023-07-28 00:00:00,CUST850,Female,26,Beauty,2,500,1000,2000,7,2023
851,2023-09-08 00:00:00,CUST851,Male,32,Electronics,2,25,50,100,9,2023
852,2023-10-12 00:00:00,CUST852,Female,41,Clothing,1,300,300,300,10,2023
853,2023-05-04 00:00:00,CUST853,Male,21,Beauty,2,500,1000,2000,5,2023
854,2023-12-20 00:00:00,CUST854,Male,29,Clothing,1,50,50,50,12,2023
855,2023-09-01 00:00:00,CUST855,Male,54,Beauty,1,25,25,25,9,2023
856,2023-11-27 00:00:00,CUST856,Male,54,Electronics,4,30,120,480,11,2023
857,2023-12-31 00:00:00,CUST857,Male,60,Electronics,2,25,50,100,12,2023
858,2023-09-09 00:00:00,CUST858,Male,23,Electronics,2,50,100,200,9,2023
859,2023-08-18 00:00:00,CUST859,Female,56,Electronics,3,500,1500,4500,8,2023
860,2023-01-09 00:00:00,CUST860,Male,63,Clothing,4,50,200,800,1,2023
861,2023-02-17 00:00:00,CUST861,Female,41,Clothing,3,30,90,270,2,2023
862,2023-05-31 00:00:00,CUST862,Male,28,Electronics,4,300,1200,4800,5,2023
863,2023-04-24 00:00:00,CUST863,Female,30,Electronics,2,25,50,100,4,2023
864,2023-07-27 00:00:00,CUST864,Female,51,Electronics,1,500,500,500,7,2023
865,2023-12-21 00:00:00,CUST865,Female,42,Clothing,1,300,300,300,12,2023
866,2023-05-05 00:00:00,CUST866,Male,24,Electronics,1,50,50,50,5,2023
867,2023-06-06 00:00:00,CUST867,Male,21,Electronics,1,500,500,500,6,2023
868,2023-12-06 00:00:00,CUST868,Female,25,Electronics,1,300,300,300,12,2023
869,2023-10-25 00:00:00,CUST869,Male,37,Beauty,3,500,1500,4500,10,2023
870,2023-07-08 00:00:00,CUST870,Female,46,Electronics,4,30,120,480,7,2023
871,2023-08-31 00:00:00,CUST871,Male,62,Beauty,2,30,60,120,8,2023
872,2023-10-11 00:00:00,CUST872,Female,63,Beauty,3,25,75,225,10,2023
873,2023-09-29 00:00:00,CUST873,Female,27,Electronics,4,25,100,400,9,2023
874,2023-06-26 00:00:00,CUST874,Male,60,Beauty,1,30,30,30,6,2023
875,2023-08-06 00:00:00,CUST875,Female,51,Electronics,4,500,2000,8000,8,2023
876,2023-10-09 00:00:00,CUST876,Male,43,Clothing,4,30,120,480,10,2023
877,2023-06-19 00:00:00,CUST877,Female,58,Clothing,1,25,25,25,6,2023
878,2023-06-30 00:00:00,CUST878,Female,20,Clothing,1,30,30,30,6,2023
879,2023-12-26 00:00:00,CUST879,Male,23,Clothing,1,30,30,30,12,2023
880,2023-08-21 00:00:00,CUST880,Male,22,Beauty,2,500,1000,2000,8,2023
881,2023-05-19 00:00:00,CUST881,Male,22,Electronics,1,300,300,300,5,2023
882,2023-06-06 00:00:00,CUST882,Female,64,Electronics,2,25,50,100,6,2023
883,2023-05-09 00:00:00,CUST883,Male,40,Electronics,1,500,500,500,5,2023
884,2023-04-29 00:00:00,CUST884,Female,26,Clothing,2,30,60,120,4,2023
885,2023-03-03 00:00:00,CUST885,Female,52,Clothing,4,30,120,480,3,2023
886,2023-04-09 00:00:00,CUST886,Male,37,Electronics,3,300,900,2700,4,2023
887,2023-06-11 00:00:00,CUST887,Male,59,Clothing,4,25,100,400,6,2023
888,2023-03-03 00:00:00,CUST888,Female,52,Electronics,4,25,100,400,3,2023
889,2023-10-02 00:00:00,CUST889,Female,35,Electronics,1,50,50,50,10,2023
890,2023-12-20 00:00:00,CUST890,Male,34,Electronics,2,25,50,100,12,2023
891,2023-04-05 00:00:00,CUST891,Male,41,Electronics,3,300,900,2700,4,2023
892,2023-04-09 00:00:00,CUST892,Male,20,Electronics,1,50,50,50,4,2023
893,2023-04-21 00:00:00,CUST893,Male,49,Electronics,1,50,50,50,4,2023
894,2023-09-05 00:00:00,CUST894,Male,52,Electronics,1,30,30,30,9,2023
895,2023-05-22 00:00:00,CUST895,Female,55,Clothing,4,30,120,480,5,2023
896,2023-10-29 00:00:00,CUST896,Female,30,Electronics,2,25,50,100,10,2023
897,2023-09-26 00:00:00,CUST897,Female,64,Electronics,2,50,100,200,9,2023
898,2023-11-02 00:00:00,CUST898,Female,42,Clothing,3,30,90,270,11,2023
899,2023-05-25 00:00:00,CUST899,Male,26,Clothing,2,300,600,1200,5,2023
900,2023-02-21 00:00:00,CUST900,Male,21,Clothing,2,30,60,120,2,2023
901,2023-04-10 00:00:00,CUST901,Male,31,Electronics,1,30,30,30,4,2023
902,2023-06-01 00:00:00,CUST902,Female,54,Beauty,1,50,50,50,6,2023
903,2023-04-27 00:00:00,CUST903,Female,51,Beauty,4,50,200,800,4,2023
904,2023-07-04 00:00:00,CUST904,Male,28,Clothing,1,500,500,500,7,2023
905,2023-04-02 00:00:00,CUST905,Male,58,Beauty,1,300,300,300,4,2023
906,2023-06-04 00:00:00,CUST906,Female,20,Clothing,1,50,50,50,6,2023
907,2023-01-08 00:00:00,CUST907,Female,45,Electronics,1,25,25,25,1,2023
908,2023-12-29 00:00:00,CUST908,Male,46,Beauty,4,300,1200,4800,12,2023
909,2023-10-01 00:00:00,CUST909,Male,26,Electronics,1,300,300,300,10,2023
910,2023-03-06 00:00:00,CUST910,Female,20,Beauty,3,50,150,450,3,2023
911,2023-05-21 00:00:00,CUST911,Male,42,Electronics,3,300,900,2700,5,2023
912,2023-01-24 00:00:00,CUST912,Male,51,Beauty,3,50,150,450,1,2023
913,2023-01-28 00:00:00,CUST913,Male,29,Electronics,3,30,90,270,1,2023
914,2023-10-11 00:00:00,CUST914,Female,59,Electronics,1,500,500,500,10,2023
915,2023-05-30 00:00:00,CUST915,Female,26,Beauty,3,30,90,270,5,2023
916,2023-12-24 00:00:00,CUST916,Female,32,Electronics,1,50,50,50,12,2023
917,2023-03-06 00:00:00,CUST917,Female,57,Electronics,4,50,200,800,3,2023
918,2023-11-23 00:00:00,CUST918,Female,42,Electronics,3,30,90,270,11,2023
919,2023-09-09 00:00:00,CUST919,Female,22,Beauty,2,25,50,100,9,2023
920,2023-02-22 00:00:00,CUST920,Female,28,Beauty,3,25,75,225,2,2023
921,2023-01-07 00:00:00,CUST921,Male,51,Electronics,3,25,75,225,1,2023
922,2023-10-21 00:00:00,CUST922,Male,41,Electronics,1,50,50,50,10,2023
923,2023-05-26 00:00:00,CUST923,Male,32,Beauty,3,300,900,2700,5,2023
924,2023-08-29 00:00:00,CUST924,Male,55,Beauty,2,50,100,200,8,2023
925,2023-09-03 00:00:00,CUST925,Male,25,Electronics,1,300,300,300,9,2023
926,2023-08-14 00:00:00,CUST926,Male,22,Electronics,1,30,30,30,8,2023
927,2023-06-24 00:00:00,CUST927,Male,43,Electronics,4,500,2000,8000,6,2023
928,2023-04-05 00:00:00,CUST928,Female,35,Clothing,4,300,1200,4800,4,2023
929,2023-01-27 00:00:00,CUST929,Female,23,Beauty,3,25,75,225,1,2023
930,2023-05-10 00:00:00,CUST930,Male,54,Clothing,4,50,200,800,5,2023
931,2023-09-02 00:00:00,CUST931,Male,30,Beauty,4,30,120,480,9,2023
932,2023-02-28 00:00:00,CUST932,Female,45,Beauty,4,25,100,400,2,2023
933,2023-02-03 00:00:00,CUST933,Male,22,Beauty,1,30,30,30,2,2023
934,2023-07-25 00:00:00,CUST934,Male,30,Beauty,1,500,500,500,7,2023
935,2023-09-09 00:00:00,CUST935,Female,34,Beauty,1,50,50,50,9,2023
936,2023-02-07 00:00:00,CUST936,Male,57,Beauty,4,50,200,800,2,2023
937,2023-10-23 00:00:00,CUST937,Female,62,Beauty,1,500,500,500,10,2023
938,2023-11-19 00:00:00,CUST938,Male,49,Clothing,4,50,200,800,11,2023
939,2023-12-18 00:00:00,CUST939,Female,46,Electronics,1,300,300,300,12,2023
940,2023-01-28 00:00:00,CUST940,Female,20,Electronics,1,30,30,30,1,2023
941,2023-03-19 00:00:00,CUST941,Female,57,Clothing,2,25,50,100,3,2023
942,2023-03-18 00:00:00,CUST942,Male,51,Clothing,3,500,1500,4500,3,2023
943,2023-10-16 00:00:00,CUST943,Female,57,Clothing,4,300,1200,4800,10,2023
944,2023-06-05 00:00:00,CUST944,Male,44,Clothing,2,25,50,100,6,2023
945,2023-02-13 00:00:00,CUST945,Male,30,Beauty,1,25,25,25,2,2023
946,2023-05-08 00:00:00,CUST946,Male,62,Electronics,4,500,2000,8000,5,2023
947,2023-03-02 00:00:00,CUST947,Male,50,Beauty,1,300,300,300,3,2023
948,2023-10-13 00:00:00,CUST948,Female,23,Electronics,3,25,75,225,10,2023
949,2023-08-02 00:00:00,CUST949,Female,41,Electronics,2,25,50,100,8,2023
950,2023-11-07 00:00:00,CUST950,Male,36,Clothing,3,300,900,2700,11,2023
951,2023-11-02 00:00:00,CUST951,Male,33,Beauty,2,50,100,200,11,2023
952,2023-11-13 00:00:00,CUST952,Female,57,Clothing,1,25,25,25,11,2023
953,2023-04-26 00:00:00,CUST953,Male,45,Beauty,3,30,90,270,4,2023
954,2023-09-25 00:00:00,CUST954,Female,50,Electronics,3,300,900,2700,9,2023
955,2023-07-14 00:00:00,CUST955,Male,58,Clothing,1,25,25,25,7,2023
956,2023-08-19 00:00:00,CUST956,Male,30,Clothing,3,500,1500,4500,8,2023
957,2023-08-15 00:00:00,CUST957,Female,60,Electronics,4,30,120,480,8,2023
958,2023-06-02 00:00:00,CUST958,Male,62,Electronics,2,25,50,100,6,2023
959,2023-10-29 00:00:00,CUST959,Female,42,Electronics,2,30,60,120,10,2023
960,2023-08-08 00:00:00,CUST960,Male,59,Clothing,2,30,60,120,8,2023
961,2023-06-06 00:00:00,CUST961,Male,53,Beauty,4,50,200,800,6,2023
962,2023-10-19 00:00:00,CUST962,Male,44,Clothing,2,30,60,120,10,2023
963,2023-11-14 00:00:00,CUST963,Female,55,Beauty,1,50,50,50,11,2023
964,2023-01-31 00:00:00,CUST964,Male,24,Clothing,3,300,900,2700,1,2023
965,2023-11-09 00:00:00,CUST965,Male,22,Clothing,4,50,200,800,11,2023
966,2023-02-20 00:00:00,CUST966,Male,60,Electronics,2,500,1000,2000,2,2023
967,2023-04-17 00:00:00,CUST967,Male,62,Beauty,1,25,25,25,4,2023
968,2023-11-17 00:00:00,CUST968,Female,48,Clothing,3,300,900,2700,11,2023
969,2023-04-19 00:00:00,CUST969,Female,40,Clothing,3,300,900,2700,4,2023
970,2023-05-16 00:00:00,CUST970,Male,59,Electronics,4,500,2000,8000,5,2023
971,2023-12-05 00:00:00,CUST971,Female,27,Electronics,4,50,200,800,12,2023
972,2023-02-11 00:00:00,CUST972,Male,49,Beauty,4,25,100,400,2,2023
973,2023-03-22 00:00:00,CUST973,Male,60,Clothing,1,50,50,50,3,2023
974,2023-05-03 00:00:00,CUST974,Male,47,Beauty,1,30,30,30,5,2023
975,2023-03-30 00:00:00,CUST975,Female,56,Clothing,4,50,200,800,3,2023
976,2023-10-10 00:00:00,CUST976,Female,48,Beauty,2,300,600,1200,10,2023
977,2023-02-08 00:00:00,CUST977,Female,35,Electronics,3,25,75,225,2,2023
978,2023-03-22 00:00:00,CUST978,Female,53,Clothing,3,50,150,450,3,2023
979,2023-01-02 00:00:00,CUST979,Female,19,Beauty,1,25,25,25,1,2023
980,2023-07-29 00:00:00,CUST980,Female,31,Electronics,3,25,75,225,7,2023
981,2023-08-19 00:00:00,CUST981,Female,30,Electronics,2,30,60,120,8,2023
982,2023-12-19 00:00:00,CUST982,Female,46,Beauty,3,30,90,270,12,2023
983,2023-11-01 00:00:00,CUST983,Female,29,Clothing,1,300,300,300,11,2023
984,2023-08-29 00:00:00,CUST984,Male,56,Clothing,1,500,500,500,8,2023
985,2023-05-30 00:00:00,CUST985,Female,19,Electronics,2,25,50,100,5,2023
986,2023-01-17 00:00:00,CUST986,Female,49,Clothing,2,500,1000,2000,1,2023
987,2023-04-29 00:00:00,CUST987,Female,30,Clothing,3,300,900,2700,4,2023
988,2023-05-28 00:00:00,CUST988,Female,63,Clothing,3,25,75,225,5,2023
989,2023-12-28 00:00:00,CUST989,Female,44,Electronics,1,25,25,25,12,2023
990,2023-05-25 00:00:00,CUST990,Female,58,Beauty,2,500,1000,2000,5,2023
991,2023-12-26 00:00:00,CUST991,Female,34,Clothing,2,50,100,200,12,2023
992,2023-08-21 00:00:00,CUST992,Female,57,Electronics,2,30,60,120,8,2023
993,2023-02-06 00:00:00,CUST993,Female,48,Electronics,3,50,150,450,2,2023
994,2023-12-18 00:00:00,CUST994,Female,51,Beauty,2,500,1000,2000,12,2023
995,2023-04-30 00:00:00,CUST995,Female,41,Clothing,1,30,30,30,4,2023
996,2023-05-16 00:00:00,CUST996,Male,62,Clothing,1,50,50,50,5,2023
997,2023-11-17 00:00:00,CUST997,Male,52,Beauty,3,30,90,270,11,2023
998,2023-10-29 00:00:00,CUST998,Female,23,Beauty,4,25,100,400,10,2023
999,2023-12-05 00:00:00,CUST999,Female,36,Electronics,3,50,150,450,12,2023
1000,2023-04-12 00:00:00,CUST1000,Male,47,Electronics,4,30,120,480,4,2023
